*** Test Cases ***;${name};${email};${street};${city};${state};${zip};${phone}
1;Aleksandr Acedo;aacedo0@europa.eu;8 Oxford Parkway;New Orleans;LA;70165;504-553-7226
2;Perri Tracy;ptracy1@de.vu;894 Merrick Road;Chattanooga;TN;37450;423-287-7075
3;Darell Edelston;dedelston2@reference.com;087 Merrick Lane;Brooklyn;NY;11210;347-308-2614
4;Heath Neill;hneill3@sfgate.com;295 Welch Junction;Alexandria;LA;71307;318-389-3531
5;Brenn Fassan;bfassan4@soup.io;07 Pond Trail;Dallas;TX;75260;214-425-5760
6;Kendal Matokhnin;kmatokhnin5@theatlantic.com;82814 Lyons Avenue;Dayton;OH;45440;937-652-6145
7;Armin Harbin;aharbin6@i2i.jp;32 Surrey Pass;Fort Pierce;FL;34949;772-793-9767
8;Alric Dwerryhouse;adwerryhouse7@bloglines.com;03 8th Point;Jacksonville;FL;32225;904-421-1789
9;Irwin Elcomb;ielcomb8@photobucket.com;2 Loomis Drive;Vancouver;WA;98687;360-997-9072
10;Regan McClelland;rmcclelland9@unc.edu;7 Boyd Avenue;Harrisburg;PA;17126;717-599-0174
11;Jocelin Bauduccio;jbauduccioa@infoseek.co.jp;095 Farragut Road;Minneapolis;MN;55487;612-762-3803
12;Gabbie Morville;gmorvilleb@accuweather.com;1 Schmedeman Street;San Diego;CA;92105;858-762-3273
13;Thor McFadyen;tmcfadyenc@cam.ac.uk;72 Sommers Road;Springfield;OH;45505;937-785-2172
14;Tammie Morrieson;tmorriesond@sphinn.com;1531 Melody Place;Kansas City;MO;64193;816-124-0301
15;Saree Bareham;sbarehame@howstuffworks.com;77 Troy Street;Carlsbad;CA;92013;760-970-0334
16;Lanie Gainsford;lgainsfordf@nydailynews.com;88950 Dwight Crossing;Washington;DC;20337;202-241-3226
17;Doralyn Mucklow;dmucklowg@cmu.edu;2 Fulton Pass;Saint Louis;MO;63158;314-880-4072
18;Sidoney Dellatorre;sdellatorreh@bing.com;4 Talmadge Trail;Chicago;IL;60697;312-401-4720
19;Doy Ahrenius;dahreniusi@usnews.com;4852 Browning Center;Wichita;KS;67236;316-557-8131
20;Xavier Fothergill;xfothergillj@washingtonpost.com;3 Eliot Point;Detroit;MI;48206;313-865-5151
21;Rancell Challener;rchallenerk@cnet.com;4 Moland Lane;San Antonio;TX;78265;210-951-1833
22;Holden Hachard;hhachardl@ycombinator.com;0 Crownhardt Circle;Chicago;IL;60641;630-517-5137
23;Misti Matussov;mmatussovm@tmall.com;8855 Nova Place;Cincinnati;OH;45264;513-182-2554
24;Stefania Joberne;sjobernen@amazon.de;48 La Follette Trail;Albuquerque;NM;87201;505-100-4965
25;Meghan Dobney;mdobneyo@comsenz.com;3 Buell Crossing;Arlington;VA;22244;571-175-9911
26;Marcille Floyde;mfloydep@simplemachines.org;4 Manitowish Drive;Saint Paul;MN;55146;651-271-4096
27;Margarete Harroll;mharrollq@cyberchimps.com;8288 Melvin Pass;Nashville;TN;37228;615-577-0181
28;Vince Garret;vgarretr@dion.ne.jp;20 Sauthoff Way;Huntington;WV;25726;304-809-2394
29;Marianne Welham;mwelhams@list-manage.com;57135 Thackeray Hill;Chula Vista;CA;91913;619-758-1437
30;Staford Watkinson;swatkinsont@blogtalkradio.com;5046 School Plaza;Spartanburg;SC;29305;864-582-2821
31;Mathew Emney;memneyu@about.com;69188 Acker Pass;Pittsburgh;PA;15210;724-964-9446
32;Kirby Frankis;kfrankisv@ebay.com;6 Westridge Way;Maple Plain;MN;55572;763-264-1908
33;Shannah Sigmund;ssigmundw@multiply.com;5716 Milwaukee Road;Killeen;TX;76544;254-904-1106
34;Boycie Huckel;bhuckelx@usda.gov;36468 Artisan Lane;Staten Island;NY;10310;914-836-7344
35;Bobbi Giacaponi;bgiacaponiy@gnu.org;336 Gerald Crossing;Minneapolis;MN;55402;612-669-2572
36;Hendrika Ebden;hebdenz@discovery.com;9895 Michigan Way;Jackson;MS;39210;601-402-6272
37;Annabela Savill;asavill10@xing.com;6112 Namekagon Parkway;Meridian;MS;39305;601-782-4046
38;Rosalind Marson;rmarson11@merriam-webster.com;2 Fallview Court;Charleston;WV;25331;304-175-3331
39;Casper O'Toole;cotoole12@shutterfly.com;0597 Surrey Road;Stockton;CA;95210;209-518-5643
40;Salim Corcoran;scorcoran13@ebay.co.uk;4 Susan Avenue;Colorado Springs;CO;80925;719-177-0471
41;Conroy McCleary;cmccleary14@live.com;81 Hauk Road;Louisville;KY;40210;502-228-0650
42;Neddy Colomb;ncolomb15@adobe.com;816 Manufacturers Parkway;Washington;DC;20022;202-394-8508
43;Mab Sunshine;msunshine16@who.int;855 Coolidge Terrace;Augusta;GA;30911;706-941-2645
44;Nancy Novic;nnovic17@theguardian.com;36027 Warner Alley;Saint Paul;MN;55146;651-314-8015
45;Forester Eisikowitz;feisikowitz18@businessinsider.com;018 Algoma Pass;Fresno;CA;93726;209-392-0033
46;Raphael Boot;rboot19@webs.com;7 South Hill;Vancouver;WA;98664;360-776-8547
47;Tracie Wride;twride1a@reuters.com;04 Cherokee Circle;Providence;RI;02905;401-570-7915
48;Weylin Fetherstan;wfetherstan1b@odnoklassniki.ru;06784 Drewry Plaza;El Paso;TX;88519;915-615-9009
49;Mair Cornner;mcornner1c@ameblo.jp;67 Mcbride Junction;Fort Worth;TX;76192;682-689-1510
50;Renard Tenpenny;rtenpenny1d@shutterfly.com;1766 Katie Avenue;Erie;PA;16522;814-770-5399
51;Olimpia Shelliday;oshelliday1e@google.co.jp;6 Tony Drive;Lancaster;PA;17605;717-500-7022
52;Felipe Shury;fshury1f@china.com.cn;44 Butternut Park;Roanoke;VA;24009;540-443-6808
53;Valentia Falkingham;vfalkingham1g@intel.com;11 Erie Center;El Paso;TX;88535;915-958-7123
54;Vicki Potebury;vpotebury1h@hao123.com;13506 Independence Junction;Columbus;GA;31904;706-284-0131
55;Elbert Grose;egrose1i@amazon.de;21043 Moland Crossing;Anderson;IN;46015;765-446-1922
56;Jodie Grundon;jgrundon1j@reuters.com;3314 Farragut Point;Tacoma;WA;98417;253-780-9487
57;Raven Elmar;relmar1k@ocn.ne.jp;1073 Dwight Pass;Houston;TX;77299;713-245-6380
58;Amelia Bims;abims1l@slate.com;72 Norway Maple Crossing;Fort Lauderdale;FL;33305;954-375-4651
59;Emlynn Alf;ealf1m@cmu.edu;86666 Ilene Road;Richmond;VA;23242;804-650-2919
60;Curran Atlay;catlay1n@miibeian.gov.cn;785 Anzinger Pass;Lake Worth;FL;33467;561-590-1265
61;Jarrod O'Regan;joregan1o@disqus.com;1 Ridge Oak Crossing;Topeka;KS;66667;785-277-6989
62;Vivianne Sommersett;vsommersett1p@mayoclinic.com;2 Nova Terrace;Texarkana;TX;75507;903-708-3524
63;Selby Barrass;sbarrass1q@stanford.edu;649 Forest Trail;Atlanta;GA;30336;404-761-1169
64;Nollie Buntine;nbuntine1r@senate.gov;40269 Stephen Way;Colorado Springs;CO;80905;719-778-8040
65;Merill Ramsbottom;mramsbottom1s@nytimes.com;94932 Summit Street;Miami;FL;33180;954-655-3769
66;Moise Alekseicik;malekseicik1t@japanpost.jp;6 American Pass;Lafayette;IN;47905;765-700-6578
67;Gabby Davenall;gdavenall1u@skype.com;183 David Pass;Biloxi;MS;39534;228-616-2791
68;Thomasa Cossom;tcossom1v@hibu.com;80165 Monica Circle;Montgomery;AL;36177;334-281-6950
69;Hazlett Alelsandrowicz;halelsandrowicz1w@paginegialle.it;79 Hansons Pass;Mobile;AL;36628;251-570-5118
70;Kip Schneidar;kschneidar1x@mediafire.com;8 Ludington Point;Knoxville;TN;37914;865-387-6848
71;Barret Rought;brought1y@wikipedia.org;473 Golf View Drive;Phoenix;AZ;85030;602-327-6163
72;Kippy Andrichuk;kandrichuk1z@ameblo.jp;03 Nelson Avenue;Lubbock;TX;79415;806-427-3059
73;Layne Goring;lgoring20@shutterfly.com;31 Meadow Vale Junction;Gatesville;TX;76598;254-217-5991
74;Elizabeth Canete;ecanete21@webmd.com;3431 Iowa Hill;Portland;OR;97286;503-345-9946
75;Harrie Stoney;hstoney22@ning.com;82818 Becker Park;Colorado Springs;CO;80945;719-189-0925
76;Wit Ganny;wganny23@google.ru;45 Welch Park;Miami;FL;33111;786-563-3608
77;Thomasa Huzzey;thuzzey24@aol.com;7 Coolidge Circle;Philadelphia;PA;19125;215-811-7309
78;Merry Hancke;mhancke25@walmart.com;765 Golden Leaf Hill;Duluth;MN;55811;218-487-6677
79;Aurthur Rehm;arehm26@pcworld.com;73 Vera Crossing;Columbus;OH;43226;614-375-9328
80;Tobias Chauvey;tchauvey27@ifeng.com;127 Mifflin Drive;Salt Lake City;UT;84152;801-450-9808
81;Ellene Aggett;eaggett28@alexa.com;6583 Del Sol Park;Trenton;NJ;08695;609-364-6123
82;Inesita Coton;icoton29@oracle.com;665 Hollow Ridge Plaza;Portland;OR;97206;503-639-9564
83;Clarinda Bucknill;cbucknill2a@flavors.me;41 Hudson Circle;Columbus;OH;43220;614-517-7693
84;Carol Wloch;cwloch2b@google.de;2110 Marcy Junction;New York City;NY;10275;212-314-8228
85;Nil Lemmanbie;nlemmanbie2c@instagram.com;422 Independence Alley;New York City;NY;10275;212-752-1440
86;Shirline Dubock;sdubock2d@redcross.org;9100 Westend Circle;Houston;TX;77276;713-496-0500
87;Man Presidey;mpresidey2e@flickr.com;0 Straubel Parkway;Memphis;TN;38131;901-168-0075
88;Elladine Walkley;ewalkley2f@cocolog-nifty.com;34897 Dwight Park;Oakland;CA;94660;510-181-3721
89;Herbert Hought;hhought2g@g.co;06647 Veith Court;Santa Barbara;CA;93111;805-981-0723
90;Shirline Joul;sjoul2h@cdc.gov;701 Waywood Court;Columbus;OH;43204;614-236-6867
91;Leonore Benettini;lbenettini2i@blogger.com;96 Springview Parkway;Lees Summit;MO;64082;816-208-5221
92;Yevette MacIlraith;ymacilraith2j@studiopress.com;55226 Wayridge Pass;Kansas City;MO;64153;816-300-5280
93;Ulrika Stamps;ustamps2k@yelp.com;45290 Dwight Street;Marietta;GA;30066;678-386-1635
94;Celinka Simnett;csimnett2l@elegantthemes.com;87812 Rusk Parkway;New Orleans;LA;70116;504-765-5813
95;Ingmar Heilds;iheilds2m@privacy.gov.au;027 Nancy Street;San Jose;CA;95118;408-839-3501
96;Terry Shellard;tshellard2n@taobao.com;3 East Trail;Miami;FL;33169;786-987-8560
97;Annadiana Lynde;alynde2o@furl.net;441 Crest Line Terrace;Newark;NJ;07195;862-782-1611
98;Ky Kirman;kkirman2p@icq.com;520 Grim Way;Des Moines;IA;50362;515-934-2775
99;Brenden Brookbank;bbrookbank2q@xrea.com;86 Eliot Plaza;El Paso;TX;88569;915-199-0497
100;Niles Skones;nskones2r@privacy.gov.au;2983 Dwight Parkway;Concord;CA;94522;925-608-3157
101;Esme Brum;ebrum2s@github.com;395 Pawling Junction;Atlanta;GA;31136;404-247-7982
102;Des Pellett;dpellett2t@com.com;8930 Sunnyside Center;Indianapolis;IN;46239;317-892-2708
103;Peter Blasli;pblasli2u@google.es;85 Delaware Road;Pittsburgh;PA;15225;412-202-0863
104;Evin Kilbey;ekilbey2v@livejournal.com;4312 Mccormick Park;Washington;DC;20456;202-123-1224
105;Oswell Winspare;owinspare2w@senate.gov;2888 Superior Parkway;Cincinnati;OH;45213;513-823-6559
106;Brita Froud;bfroud2x@weebly.com;0 Farmco Center;Sacramento;CA;94250;916-226-8776
107;Beckie Maass;bmaass2y@google.nl;7 Summit Plaza;Temple;TX;76505;254-535-0272
108;Koenraad Geipel;kgeipel2z@businesswire.com;703 Brentwood Terrace;Tyler;TX;75799;903-758-9066
109;Fancie Bowness;fbowness30@networkadvertising.org;064 Maple Park;Moreno Valley;CA;92555;951-113-1693
110;Zelda McCuffie;zmccuffie31@bloglovin.com;68 International Drive;Fort Wayne;IN;46814;260-311-7351
111;Obadias Cockburn;ocockburn32@goo.ne.jp;32602 Erie Pass;Lynchburg;VA;24515;434-770-8376
112;Cassandra Trudgeon;ctrudgeon33@auda.org.au;190 Messerschmidt Park;Iowa City;IA;52245;319-887-6680
113;Adora Gallaher;agallaher34@about.me;1 Vernon Park;Orlando;FL;32885;407-235-6287
114;Thelma Shuttle;tshuttle35@google.com.hk;5 Hermina Alley;Little Rock;AR;72204;501-291-5673
115;Travers Raiston;traiston36@blinklist.com;79780 Bluestem Road;Dallas;TX;75392;214-924-7674
116;Alfy Maasze;amaasze37@eepurl.com;631 Moose Alley;Knoxville;TN;37924;865-489-7164
117;Hillard Longdon;hlongdon38@ovh.net;6327 Jana Plaza;Santa Fe;NM;87505;505-854-5823
118;Francesca Carlin;fcarlin39@cdc.gov;80 Kropf Place;Brooksville;FL;34605;352-746-7588
119;Prince Singleton;psingleton3a@kickstarter.com;2 Basil Plaza;Olympia;WA;98516;360-442-8432
120;Fernandina Fiddeman;ffiddeman3b@auda.org.au;69 Pankratz Way;Burbank;CA;91505;626-476-0019
121;Eleni Crutcher;ecrutcher3c@miitbeian.gov.cn;697 Thompson Plaza;Virginia Beach;VA;23471;757-140-0961
122;Red Abel;rabel3d@ibm.com;19255 Vera Way;Irving;TX;75062;972-950-6338
123;Nowell Cardillo;ncardillo3e@wikispaces.com;0949 Everett Circle;Brooklyn;NY;11205;718-487-4914
124;Edith Mc Coughan;emc3f@about.me;093 Saint Paul Park;Cleveland;OH;44118;216-198-5231
125;Carlie Naptine;cnaptine3g@indiatimes.com;5 Meadow Ridge Parkway;Garland;TX;75044;214-862-6590
126;Gerome Tarver;gtarver3h@hhs.gov;07827 Briar Crest Point;Tampa;FL;33694;813-800-8717
127;Fayre Yarmouth;fyarmouth3i@businesswire.com;57993 Haas Junction;Columbia;SC;29220;803-900-3826
128;Cele Kanzler;ckanzler3j@foxnews.com;5918 Surrey Pass;Erie;PA;16510;814-395-3472
129;Kipp Santora;ksantora3k@networksolutions.com;537 Upham Junction;Fort Worth;TX;76178;682-330-4574
130;Nevins Kasher;nkasher3l@yandex.ru;3241 Maryland Hill;Charlotte;NC;28242;704-308-2795
131;Wilmer Oxtaby;woxtaby3m@cocolog-nifty.com;0 Lake View Center;Bloomington;IN;47405;812-138-3241
132;Worden Chape;wchape3n@networkadvertising.org;6 Bay Park;Valdosta;GA;31605;229-580-8137
133;Fabiano Sayburn;fsayburn3o@indiatimes.com;0654 Mifflin Circle;Tampa;FL;33686;813-345-3021
134;Doretta Kidder;dkidder3p@google.it;4302 Pearson Avenue;Trenton;NJ;08650;609-553-8059
135;Athene D'eathe;adeathe3q@goodreads.com;21077 Jay Circle;Seattle;WA;98148;206-937-7583
136;Zarah Attle;zattle3r@i2i.jp;2578 Dawn Parkway;Cleveland;OH;44177;216-435-7652
137;Lisa Johannesson;ljohannesson3s@chronoengine.com;53 1st Street;Dallas;TX;75265;214-620-0992
138;Noelle Gosz;ngosz3t@amazon.de;3 Oneill Court;Milwaukee;WI;53263;414-520-4535
139;Peg Rubes;prubes3u@buzzfeed.com;01209 Brickson Park Plaza;Pittsburgh;PA;15220;412-236-6855
140;Melessa Bernardeschi;mbernardeschi3v@dell.com;93 Harbort Crossing;Albuquerque;NM;87195;505-445-1727
141;Melodie Bastin;mbastin3w@pcworld.com;69 Eggendart Parkway;Raleigh;NC;27605;919-426-7487
142;Stanislaus Bernocchi;sbernocchi3x@ask.com;3 Twin Pines Road;Visalia;CA;93291;209-963-4324
143;Nessi Maxwaile;nmaxwaile3y@timesonline.co.uk;1257 Nancy Drive;Atlanta;GA;31106;404-657-7905
144;Dale Pollicott;dpollicott3z@google.ca;73951 Melody Road;Des Moines;IA;50936;515-794-9477
145;Valaree Blonden;vblonden40@sakura.ne.jp;6 Killdeer Lane;Wichita;KS;67260;316-697-0162
146;Antoni Blackford;ablackford41@bizjournals.com;199 Bluestem Avenue;Salem;OR;97306;503-972-6864
147;Billi Rathbone;brathbone42@china.com.cn;1980 Lien Drive;Buffalo;NY;14215;716-613-8148
148;Hinda Wrightam;hwrightam43@time.com;286 Sherman Junction;Zephyrhills;FL;33543;813-766-3768
149;Madella Trowbridge;mtrowbridge44@phpbb.com;59 Anzinger Court;West Palm Beach;FL;33421;561-274-2196
150;Nertie Sincock;nsincock45@a8.net;016 Tony Plaza;New Castle;PA;16107;724-762-6486
151;Gayleen De Laspee;gde46@1und1.de;6562 Badeau Pass;Denver;CO;80243;303-670-6573
152;Jordon Imason;jimason47@jimdo.com;4 Lawn Trail;Lawrenceville;GA;30045;404-662-1614
153;Zachery Castri;zcastri48@hubpages.com;8 Shelley Street;Fresno;CA;93726;209-996-6074
154;Cleve Osborne;cosborne49@ebay.com;029 Fieldstone Road;Long Beach;CA;90847;562-560-9702
155;Eugine Van de Velde;evan4a@deviantart.com;3 Stuart Point;Lexington;KY;40591;859-773-4176
156;Bernardine Rivel;brivel4b@noaa.gov;89587 Summer Ridge Center;Akron;OH;44329;330-174-7288
157;Melita Oak;moak4c@google.com.br;60 North Terrace;Louisville;KY;40293;502-316-6736
158;Tiffie Male;tmale4d@cornell.edu;8983 Bay Lane;Madison;WI;53785;608-362-4983
159;Jasen Caveau;jcaveau4e@ihg.com;9 1st Avenue;Biloxi;MS;39534;228-791-7549
160;Mallory Mickelwright;mmickelwright4f@twitter.com;070 Judy Pass;Phoenix;AZ;85010;602-385-3385
161;Elaina Neilands;eneilands4g@aol.com;7115 Hintze Center;Dayton;OH;45440;937-944-8163
162;Vilma Mackinder;vmackinder4h@unesco.org;6542 Spohn Parkway;Scottsdale;AZ;85271;480-733-7122
163;Sindee Amos;samos4i@sbwire.com;511 Clyde Gallagher Parkway;Mobile;AL;36670;251-454-2258
164;Rivy Hoy;rhoy4j@narod.ru;249 Lukken Court;Naples;FL;33961;305-638-1887
165;Thia Matches;tmatches4k@alibaba.com;9392 Becker Court;Lansing;MI;48912;517-980-1583
166;Isis Frude;ifrude4l@free.fr;80821 Lakeland Trail;Asheville;NC;28805;828-560-1726
167;Ellette Kopps;ekopps4m@theglobeandmail.com;1 Debra Avenue;Fort Worth;TX;76129;817-230-8247
168;Lenora Blaik;lblaik4n@wsj.com;5 Chive Place;Woburn;MA;01813;339-226-2476
169;Urban Hiddersley;uhiddersley4o@drupal.org;1 Melvin Point;Charlotte;NC;28210;704-994-8260
170;Adolphe Kerwin;akerwin4p@bbb.org;4 Milwaukee Center;Santa Barbara;CA;93106;805-665-7049
171;Jodee Bussy;jbussy4q@tumblr.com;23 Meadow Valley Road;Boca Raton;FL;33499;561-570-5553
172;Valli Jakoubek;vjakoubek4r@princeton.edu;09 Beilfuss Lane;Alexandria;LA;71307;318-418-2193
173;Judy Breinlein;jbreinlein4s@dion.ne.jp;95111 Dakota Court;Clearwater;FL;33763;727-134-2909
174;Jeralee MacElharge;jmacelharge4t@sourceforge.net;7 Cardinal Drive;New Orleans;LA;70116;504-885-4414
175;Dorette Fogel;dfogel4u@nsw.gov.au;6 Milwaukee Drive;Glendale;CA;91205;323-788-6028
176;Consuela Pacheco;cpacheco4v@ifeng.com;7040 Northport Lane;Atlanta;GA;30351;404-332-6396
177;Augusto Piper;apiper4w@reverbnation.com;08 Brickson Park Road;Amarillo;TX;79105;806-119-9217
178;Cyrille Kilmister;ckilmister4x@printfriendly.com;98 Kedzie Way;Colorado Springs;CO;80995;719-860-1996
179;Angel Pitt;apitt4y@cisco.com;2 1st Alley;Washington;DC;20099;202-582-3502
180;Darb O'Curran;docurran4z@twitter.com;32003 Buena Vista Terrace;Lincoln;NE;68517;402-470-5690
181;Elga Lingner;elingner50@apache.org;76 Sundown Lane;Chesapeake;VA;23324;757-790-1710
182;Quinlan Whifen;qwhifen51@slate.com;21578 Gina Parkway;Fresno;CA;93740;559-109-1635
183;Anthea Nayer;anayer52@desdev.cn;5 Pierstorff Way;North Hollywood;CA;91606;323-562-3105
184;Maximilian Reese;mreese53@rambler.ru;005 Lake View Lane;Toledo;OH;43605;419-277-5821
185;Cointon Jakubowsky;cjakubowsky54@gmpg.org;9 Loftsgordon Way;Knoxville;TN;37924;865-380-6933
186;Marty Whitton;mwhitton55@amazon.co.uk;494 Browning Drive;Houston;TX;77206;713-690-7453
187;Tawsha Acreman;tacreman56@fc2.com;335 Sachs Drive;Syracuse;NY;13205;315-258-0478
188;Skelly De Mitris;sde57@ebay.co.uk;55945 Elmside Circle;Rochester;NY;14683;585-233-9226
189;Anne-corinne Horney;ahorney58@bandcamp.com;4499 Kensington Point;Atlanta;GA;30306;770-661-3088
190;Rubetta Muddimer;rmuddimer59@samsung.com;534 Nelson Parkway;Honolulu;HI;96810;808-821-6870
191;Nelly Haszard;nhaszard5a@de.vu;10 Merchant Hill;Irvine;CA;92710;714-759-2002
192;Janeen Gleder;jgleder5b@bloomberg.com;95765 Nevada Hill;Lexington;KY;40581;859-991-3300
193;Shalne Warde;swarde5c@arstechnica.com;39192 Spohn Junction;Tucson;AZ;85720;520-572-7321
194;Lisbeth Willcock;lwillcock5d@pinterest.com;71223 Dawn Avenue;Manchester;NH;03105;603-649-1621
195;Eden Coslitt;ecoslitt5e@amazon.co.uk;6 Holy Cross Drive;Gainesville;GA;30506;404-708-8332
196;Grant Semken;gsemken5f@yellowpages.com;335 Summit Alley;Denton;TX;76205;682-920-2075
197;Thorn McGeraghty;tmcgeraghty5g@webeden.co.uk;921 Fremont Junction;Louisville;KY;40280;502-470-5023
198;Annamaria Bernadot;abernadot5h@usa.gov;41 Thompson Lane;Knoxville;TN;37914;865-194-9110
199;Sarajane Dudmarsh;sdudmarsh5i@usnews.com;7 Delaware Court;Honolulu;HI;96835;808-495-8219
200;Alic Tesseyman;atesseyman5j@ed.gov;7 Drewry Avenue;Norfolk;VA;23504;757-557-5291
201;Kendra Elloit;kelloit5k@blogspot.com;35 Glendale Way;Peoria;IL;61614;309-556-7488
202;Linnie Curley;lcurley5l@salon.com;431 Ryan Alley;Colorado Springs;CO;80915;719-801-9701
203;Shannon Crotch;scrotch5m@army.mil;88 Golf Court;Mobile;AL;36605;251-651-9208
204;Dona Chazette;dchazette5n@cisco.com;286 Hudson Circle;Oklahoma City;OK;73179;405-139-7535
205;Charley Stairmand;cstairmand5o@tiny.cc;5 Springview Road;Erie;PA;16505;814-861-0997
206;Minnaminnie Pietersma;mpietersma5p@bizjournals.com;724 Stephen Point;Peoria;AZ;85383;623-202-5015
207;Pattie Vasyutichev;pvasyutichev5q@hp.com;48022 Welch Lane;Tacoma;WA;98424;206-181-6423
208;Luci Rumney;lrumney5r@sourceforge.net;16 Dorton Center;Seattle;WA;98115;206-361-2453
209;Claudell Lafont;clafont5s@geocities.com;4115 Hoard Plaza;Evansville;IN;47719;812-680-0924
210;Filippa Marians;fmarians5t@paypal.com;8647 Anderson Lane;Raleigh;NC;27605;919-178-1492
211;Hurley Eake;heake5u@reference.com;36 International Avenue;Houston;TX;77075;713-835-2776
212;Sigismund Dethloff;sdethloff5v@github.com;6939 Gerald Place;El Paso;TX;88574;915-966-9751
213;Eirena D'Oyly;edoyly5w@nasa.gov;75012 Longview Trail;Oklahoma City;OK;73167;405-787-6303
214;Hamnet Frugier;hfrugier5x@theatlantic.com;870 3rd Trail;Cincinnati;OH;45249;513-179-7510
215;Durward Hutton;dhutton5y@businessinsider.com;5 Golden Leaf Street;Paterson;NJ;07522;973-994-2951
216;Harmony Doppler;hdoppler5z@altervista.org;05919 Carioca Avenue;Idaho Falls;ID;83405;208-568-7974
217;Jaye Bettington;jbettington60@edublogs.org;20 Arrowood Center;Atlanta;GA;31132;404-820-6570
218;Anita Latus;alatus61@freewebs.com;8219 Rieder Place;San Antonio;TX;78215;210-196-8777
219;Aila Dowbiggin;adowbiggin62@discovery.com;33 Main Lane;Louisville;KY;40256;502-154-9910
220;Joseph Yes;jyes63@drupal.org;15 Sugar Lane;Melbourne;FL;32919;321-134-1421
221;Clarey Fotherby;cfotherby64@elegantthemes.com;6306 Swallow Alley;North Little Rock;AR;72199;501-892-8003
222;Ram Heber;rheber65@csmonitor.com;709 Sheridan Circle;Meridian;MS;39305;601-282-1954
223;Nelson Shannahan;nshannahan66@archive.org;6022 Roxbury Junction;Austin;TX;78732;512-789-4654
224;Joeann Armall;jarmall67@pen.io;8338 Nevada Circle;Las Vegas;NV;89193;702-930-0845
225;Ardelle Sarre;asarre68@loc.gov;42752 Fieldstone Drive;Washington;DC;20430;202-869-8779
226;Junette O' Flaherty;jo69@istockphoto.com;083 Hermina Parkway;Albany;NY;12255;518-488-3493
227;Rhys Threadgold;rthreadgold6a@jimdo.com;13034 Vidon Place;Las Vegas;NV;89166;702-379-1483
228;Zulema Mosedill;zmosedill6b@wix.com;84 Buhler Terrace;Baton Rouge;LA;70815;225-522-9178
229;Basia Castro;bcastro6c@sina.com.cn;888 Loeprich Street;Gatesville;TX;76598;254-190-8342
230;Spenser Brennenstuhl;sbrennenstuhl6d@devhub.com;769 Badeau Way;Dayton;OH;45440;937-928-5095
231;Colver Seger;cseger6e@sciencedirect.com;6019 Spaight Road;New York City;NY;10019;646-137-4023
232;Jocelyne Humby;jhumby6f@sitemeter.com;88144 Vernon Terrace;Columbia;SC;29220;803-489-4144
233;Marianna Cudby;mcudby6g@zdnet.com;4256 Kingsford Lane;Jacksonville;FL;32204;904-729-4303
234;Wright Triggol;wtriggol6h@ed.gov;15782 Hollow Ridge Circle;Alhambra;CA;91841;626-588-2677
235;Alexandrina O'Cooney;aocooney6i@behance.net;2627 Acker Lane;Charlotte;NC;28205;704-704-5734
236;Leona Ive;live6j@qq.com;1 Bay Circle;Littleton;CO;80127;720-290-7719
237;Dieter Pourveer;dpourveer6k@china.com.cn;75 Nova Point;Orlando;FL;32803;321-952-2066
238;Mollie Ernke;mernke6l@va.gov;936 Ridgeway Trail;Montgomery;AL;36177;334-435-1435
239;Jabez Sibbson;jsibbson6m@spotify.com;2562 Jenifer Point;Daytona Beach;FL;32128;386-134-0438
240;Effie Peterkin;epeterkin6n@xing.com;52 Oakridge Circle;Chicago;IL;60686;312-202-1345
241;Jorie Rodder;jrodder6o@typepad.com;144 Barby Way;Macon;GA;31210;478-812-1963
242;Saxe Reddish;sreddish6p@kickstarter.com;534 Canary Road;Pasadena;CA;91199;626-569-2682
243;Celestyna Boughtflower;cboughtflower6q@studiopress.com;73 Eagan Hill;Lake Charles;LA;70616;337-637-2839
244;Lucita O'Hagan;lohagan6r@dailymail.co.uk;86 Kensington Circle;Seattle;WA;98185;206-652-4716
245;Ashleigh Twiggins;atwiggins6s@telegraph.co.uk;9 Commercial Plaza;Oklahoma City;OK;73157;405-449-4992
246;Hunter Brumble;hbrumble6t@ucoz.ru;143 Columbus Center;Washington;DC;20210;202-745-5419
247;Maggi Fairrie;mfairrie6u@pinterest.com;2 Commercial Center;Birmingham;AL;35290;205-383-5296
248;Ania Eckert;aeckert6v@odnoklassniki.ru;7500 Messerschmidt Crossing;Riverside;CA;92513;951-890-5405
249;Selestina Edison;sedison6w@diigo.com;7363 Waxwing Junction;Bronx;NY;10474;718-880-2051
250;Melina Vynoll;mvynoll6x@ow.ly;71 Fulton Parkway;Bradenton;FL;34205;941-109-2195
251;Gillian Kington;gkington6y@com.com;3 Esch Junction;San Francisco;CA;94177;415-228-9973
252;Israel Bolle;ibolle6z@biglobe.ne.jp;23405 Petterle Avenue;Honolulu;HI;96820;808-573-8701
253;Simona Gadie;sgadie70@upenn.edu;70 Union Center;Newark;NJ;07112;973-866-9360
254;Liva Dalziel;ldalziel71@wikispaces.com;407 Knutson Terrace;New Hyde Park;NY;11044;516-961-1673
255;Osborne Kingscote;okingscote72@rambler.ru;8732 Lakewood Trail;Fresno;CA;93721;559-391-9947
256;Thaddus Rallin;trallin73@skype.com;36 Vidon Terrace;Cleveland;OH;44185;216-380-3467
257;Ann Crocroft;acrocroft74@netscape.com;2 Katie Terrace;Aurora;CO;80044;303-420-4962
258;Carney Turbern;cturbern75@blogs.com;271 Grover Crossing;Nashville;TN;37228;615-231-7353
259;Florinda Roylance;froylance76@google.pl;77617 West Court;Anniston;AL;36205;256-718-3383
260;Calvin Menicomb;cmenicomb77@upenn.edu;18042 Tony Avenue;Nashville;TN;37245;615-767-3649
261;Towney Habershaw;thabershaw78@redcross.org;53 Graedel Drive;Portland;OR;97229;971-357-1814
262;Rikki Dorricott;rdorricott79@epa.gov;3723 Red Cloud Avenue;Arvada;CO;80005;303-768-0537
263;Angelia Labrenz;alabrenz7a@nsw.gov.au;9 Drewry Alley;Van Nuys;CA;91406;626-346-8527
264;Quill Kelsall;qkelsall7b@nhs.uk;21295 Del Mar Alley;Columbus;OH;43220;614-451-7140
265;Ermentrude Evershed;eevershed7c@a8.net;3 Bay Avenue;North Hollywood;CA;91606;818-501-6517
266;Miltie Showte;mshowte7d@umich.edu;337 Maple Junction;Los Angeles;CA;90094;323-724-3900
267;Arnaldo Fontelles;afontelles7e@flickr.com;1270 Del Mar Center;San Diego;CA;92137;619-718-4538
268;Lazarus Benko;lbenko7f@sitemeter.com;3 Elmside Junction;Knoxville;TN;37931;865-430-0839
269;Niccolo Eltone;neltone7g@upenn.edu;40 Emmet Road;Alexandria;VA;22333;571-160-7939
270;Damian Churchlow;dchurchlow7h@soundcloud.com;6 Pankratz Way;Norfolk;VA;23504;757-832-9266
271;Fancy Antcliffe;fantcliffe7i@infoseek.co.jp;79 Red Cloud Court;San Diego;CA;92121;619-302-2017
272;Claudian Gimblett;cgimblett7j@phoca.cz;22 Holmberg Junction;Syracuse;NY;13205;315-576-6505
273;Emmet Armitage;earmitage7k@dot.gov;28250 Ryan Street;Atlanta;GA;30343;404-247-1858
274;Carlie Gebbie;cgebbie7l@free.fr;64 Spohn Junction;Fresno;CA;93740;559-800-4259
275;Karlotte MacChaell;kmacchaell7m@ftc.gov;74701 Manitowish Crossing;Montgomery;AL;36195;334-759-7073
276;Frederico Cockrem;fcockrem7n@reddit.com;38 Mariners Cove Road;Richmond;CA;94807;510-575-2455
277;Nat Genney;ngenney7o@npr.org;593 Southridge Drive;New York City;NY;10115;212-173-3060
278;Hobie Tofanini;htofanini7p@newsvine.com;102 Schlimgen Avenue;Peoria;AZ;85383;623-693-1808
279;Jayme Alway;jalway7q@oracle.com;4661 Amoth Center;Los Angeles;CA;90040;626-221-5200
280;Lesly Evensden;levensden7r@latimes.com;521 South Court;Miami;FL;33134;786-783-5177
281;Germain Gosdin;ggosdin7s@rakuten.co.jp;05 Washington Alley;Memphis;TN;38161;901-523-7335
282;Julio Fulkes;jfulkes7t@nyu.edu;2959 Union Plaza;Albuquerque;NM;87105;505-484-0928
283;Kelcy Hydes;khydes7u@harvard.edu;7 Oneill Road;Albany;NY;12222;518-984-0640
284;Brok Panchin;bpanchin7v@china.com.cn;23 Corry Road;Fort Lauderdale;FL;33315;954-468-8589
285;Patty Enrietto;penrietto7w@diigo.com;3565 Kim Lane;Spokane;WA;99215;509-420-0869
286;Nick Broose;nbroose7x@trellian.com;26314 Lotheville Crossing;San Jose;CA;95173;408-669-5606
287;Myra Headingham;mheadingham7y@google.de;9 6th Avenue;Shawnee Mission;KS;66210;816-221-1735
288;Daryn Molineux;dmolineux7z@sina.com.cn;670 Pankratz Drive;Orlando;FL;32885;407-358-2404
289;Kevina Evamy;kevamy80@privacy.gov.au;896 Hagan Parkway;Cheyenne;WY;82007;307-874-5458
290;Itch Kneesha;ikneesha81@goo.ne.jp;5117 Sachs Lane;Pensacola;FL;32505;850-928-3845
291;Roxanna Broadway;rbroadway82@gmpg.org;72245 Nobel Road;Pittsburgh;PA;15205;412-131-3230
292;Ramona Olden;rolden83@businessweek.com;799 Donald Point;San Francisco;CA;94164;415-414-8945
293;Gaylord Menci;gmenci84@nytimes.com;19807 Steensland Hill;Van Nuys;CA;91499;213-865-3076
294;Karleen Matejic;kmatejic85@hubpages.com;67703 Pearson Circle;Dallas;TX;75277;214-258-4376
295;Robinett Cadell;rcadell86@hibu.com;96361 Laurel Parkway;Rockville;MD;20851;301-661-6209
296;Maria Linning;mlinning87@earthlink.net;21 Artisan Court;High Point;NC;27264;336-981-1004
297;Lanie Debell;ldebell88@telegraph.co.uk;07673 Cardinal Drive;Springfield;IL;62776;217-284-6952
298;Constancia Brager;cbrager89@goodreads.com;52376 Warrior Point;Los Angeles;CA;90045;650-723-3029
299;Bryn Doodney;bdoodney8a@usgs.gov;23 Forest Run Plaza;Little Rock;AR;72222;501-324-8068
300;Fina Hegges;fhegges8b@bandcamp.com;8 Hoard Circle;Washington;DC;20436;202-766-4295
301;Ginelle Tonepohl;gtonepohl8c@canalblog.com;64372 Canary Terrace;Newark;DE;19714;302-843-0568
302;Yuri McCathie;ymccathie8d@opera.com;637 Waubesa Lane;Rochester;NY;14646;585-920-7588
303;Tonie Karpe;tkarpe8e@fema.gov;0126 Schurz Parkway;El Paso;TX;88563;915-400-0096
304;Ralph Shanks;rshanks8f@yale.edu;30 Maple Wood Trail;Wichita;KS;67230;316-499-1673
305;Judith Jacomb;jjacomb8g@eepurl.com;24040 Kingsford Alley;Peoria;IL;61656;309-702-7215
306;June Dye;jdye8h@bizjournals.com;2036 Talmadge Lane;Amarillo;TX;79188;806-260-0359
307;Eba Mair;emair8i@archive.org;45 Rigney Drive;Raleigh;NC;27621;919-745-4833
308;Barny Pierrepont;bpierrepont8j@csmonitor.com;1 Artisan Junction;Dayton;OH;45470;937-788-8667
309;Tamra Hagerty;thagerty8k@ucoz.com;94255 Hayes Crossing;Visalia;CA;93291;209-326-1896
310;Jasun Eich;jeich8l@w3.org;313 Village Center;Washington;DC;20436;202-931-9284
311;Wilt Canlin;wcanlin8m@privacy.gov.au;8 Clyde Gallagher Center;Tulsa;OK;74156;918-285-0046
312;Britni Tift;btift8n@cornell.edu;21145 Michigan Trail;Independence;MO;64054;816-206-9591
313;Emelen Oglethorpe;eoglethorpe8o@mozilla.org;99462 Stephen Circle;Omaha;NE;68124;402-876-6482
314;Emilee Esome;eesome8p@themeforest.net;661 Service Road;Bakersfield;CA;93386;661-571-7844
315;Gretel M'cowis;gmcowis8q@bloglines.com;6530 Carey Crossing;Sioux City;IA;51105;712-352-8968
316;Wendie Muress;wmuress8r@prweb.com;81 Miller Park;Denver;CO;80223;303-844-6456
317;Dorian Colcutt;dcolcutt8s@amazon.com;4 Red Cloud Center;Huntington;WV;25770;304-504-2377
318;Kelly Weetch;kweetch8t@geocities.com;8757 John Wall Center;Modesto;CA;95354;559-430-7023
319;Gayelord Mould;gmould8u@bloomberg.com;07009 Roth Way;Miami;FL;33196;786-553-5608
320;Alexio Balam;abalam8v@archive.org;1699 Westend Circle;Philadelphia;PA;19184;215-395-6994
321;Renata Rodie;rrodie8w@dedecms.com;56878 Clyde Gallagher Street;Saint Louis;MO;63196;314-655-2178
322;Keir Tonna;ktonna8x@cnet.com;08181 Delaware Pass;Dallas;TX;75358;214-573-8426
323;Eugenie Knewstubb;eknewstubb8y@barnesandnoble.com;40666 Pierstorff Trail;San Jose;CA;95133;408-654-4532
324;Lesya Rosenwald;lrosenwald8z@cyberchimps.com;49 Waubesa Terrace;Salt Lake City;UT;84170;801-669-4941
325;Delores McCullum;dmccullum90@tripadvisor.com;665 Ridgeway Street;Shreveport;LA;71151;318-927-7664
326;Kellia MacCostye;kmaccostye91@xing.com;7151 Sutteridge Court;Visalia;CA;93291;209-145-3639
327;Gael Uglow;guglow92@youku.com;0 Shelley Park;Appleton;WI;54915;920-245-5837
328;Fiann Verling;fverling93@salon.com;336 Bunting Lane;Midland;TX;79710;432-827-9525
329;Quinta Heaysman;qheaysman94@etsy.com;0 Dixon Road;Kalamazoo;MI;49048;517-181-0203
330;Ailbert Brodhead;abrodhead95@si.edu;8756 Cambridge Plaza;Nashville;TN;37228;615-174-3937
331;Beilul Dimic;bdimic96@ucoz.com;96 Brickson Park Trail;Wichita;KS;67220;316-426-4217
332;Graham Pawels;gpawels97@salon.com;34 Waxwing Lane;North Hollywood;CA;91606;818-642-6092
333;Cletis Wreath;cwreath98@eventbrite.com;3157 Dennis Crossing;Pensacola;FL;32526;850-886-2392
334;Matthiew Moncey;mmoncey99@blogtalkradio.com;407 Arrowood Way;Wilmington;DE;19805;302-245-7987
335;Eugen Anten;eanten9a@rambler.ru;145 Monument Crossing;Peoria;IL;61635;309-829-2071
336;Sean Sabathier;ssabathier9b@biblegateway.com;885 Browning Plaza;Fort Worth;TX;76178;682-593-7099
337;Jarrett Saket;jsaket9c@tumblr.com;6 3rd Point;Rochester;NY;14609;585-769-1123
338;Claudetta Wallice;cwallice9d@dagondesign.com;139 Larry Terrace;Wichita;KS;67215;316-448-7989
339;Dieter Leafe;dleafe9e@google.com.hk;820 Hoard Court;Akron;OH;44329;330-602-4078
340;Lydia Labrone;llabrone9f@webs.com;7264 Welch Hill;Philadelphia;PA;19136;267-591-2806
341;Murray Werendell;mwerendell9g@cbsnews.com;7757 Vera Park;Knoxville;TN;37939;865-548-2570
342;Cyndia Fishly;cfishly9h@msn.com;642 Fairfield Lane;Fresno;CA;93726;559-107-0683
343;Ameline Cavie;acavie9i@example.com;2030 Columbus Drive;Salt Lake City;UT;84135;801-101-8894
344;Sunny Peachment;speachment9j@gov.uk;89 Del Sol Junction;Midland;TX;79705;432-420-1602
345;Vernon Briar;vbriar9k@etsy.com;88510 Hintze Center;Jacksonville;FL;32236;904-226-1877
346;Clare Van der Mark;cvan9l@epa.gov;4435 Eagan Street;Rockford;IL;61110;815-468-9553
347;Maureene Petrus;mpetrus9m@uol.com.br;5582 Randy Plaza;Seattle;WA;98148;253-602-2305
348;Lanni Smithers;lsmithers9n@reference.com;7 Fairfield Plaza;Bakersfield;CA;93386;661-205-9905
349;Kelsy Foulks;kfoulks9o@exblog.jp;72 Swallow Street;Grand Rapids;MI;49518;616-912-2267
350;Grant Ruffey;gruffey9p@example.com;64089 Village Green Street;Baton Rouge;LA;70836;225-436-6329
351;Cristobal Dumbell;cdumbell9q@elegantthemes.com;6646 Dexter Parkway;Peoria;IL;61605;309-597-9415
352;Wilmar Gavey;wgavey9r@tamu.edu;9289 Carpenter Terrace;Arlington;VA;22212;571-711-6944
353;Winne Fynan;wfynan9s@godaddy.com;7710 Randy Trail;Arlington;VA;22212;571-356-8813
354;Somerset Pantridge;spantridge9t@posterous.com;97373 Granby Drive;Indianapolis;IN;46247;317-919-7129
355;Angelo Cockton;acockton9u@drupal.org;471 Troy Circle;Jefferson City;MO;65105;573-986-5562
356;Archibold Becket;abecket9v@lulu.com;1 Lakeland Alley;Boca Raton;FL;33487;305-772-9448
357;Siffre Kassman;skassman9w@omniture.com;571 Meadow Vale Terrace;Hicksville;NY;11854;516-626-3751
358;Courtney Wasiel;cwasiel9x@squidoo.com;09 Prairie Rose Place;Tuscaloosa;AL;35405;205-514-8068
359;Cecilius Beamond;cbeamond9y@infoseek.co.jp;9696 Trailsway Park;Pasadena;TX;77505;281-414-2209
360;Harley Clendennen;hclendennen9z@tamu.edu;4 Warbler Way;Largo;FL;33777;727-647-5040
361;Reuben Houselee;rhouseleea0@theguardian.com;6565 4th Drive;Huntsville;AL;35810;256-335-1915
362;Karlan Barczewski;kbarczewskia1@timesonline.co.uk;7345 Longview Parkway;New York City;NY;10039;917-340-1692
363;Cleo Toomer;ctoomera2@ameblo.jp;8 Pierstorff Trail;Charlotte;NC;28235;704-503-4276
364;Rurik McGall;rmcgalla3@typepad.com;17 Old Shore Point;Fort Worth;TX;76134;817-572-6068
365;Kane Kielt;kkielta4@ox.ac.uk;60 Northland Road;Wichita;KS;67220;316-744-0201
366;Aluino Severs;aseversa5@usa.gov;49 Dawn Circle;Punta Gorda;FL;33982;941-876-4390
367;Skippy Garbar;sgarbara6@storify.com;9658 Crest Line Pass;Los Angeles;CA;90015;562-317-4943
368;Gallagher Bangle;gbanglea7@utexas.edu;7 Sugar Junction;San Mateo;CA;94405;805-129-0753
369;Yolanthe Vittore;yvittorea8@mac.com;1 Linden Circle;Syracuse;NY;13217;315-261-9303
370;Fredelia Joost;fjoosta9@typepad.com;902 Homewood Park;Juneau;AK;99812;907-850-3227
371;Ernesto Sinclaire;esinclaireaa@columbia.edu;553 Morrow Hill;Lansing;MI;48912;517-827-9780
372;Ximenes Forton;xfortonab@umich.edu;3 Annamark Lane;Boynton Beach;FL;33436;561-325-7915
373;Roselia Meads;rmeadsac@goo.gl;7 Maple Way;Charlotte;NC;28242;704-681-2821
374;Perle Spick;pspickad@webmd.com;59 Florence Pass;Cincinnati;OH;45203;513-783-1648
375;Lauraine Forestel;lforestelae@foxnews.com;3878 2nd Circle;Seattle;WA;98175;206-141-7625
376;Stafford Sanger;ssangeraf@washingtonpost.com;8960 Farwell Circle;Saint Louis;MO;63196;314-826-6982
377;Ody Pelfer;opelferag@joomla.org;9 Kensington Alley;San Jose;CA;95113;408-575-2195
378;Urban Murie;umurieah@paypal.com;72092 Stone Corner Center;Chicago;IL;60630;312-958-7055
379;Elsy Skellorne;eskellorneai@cpanel.net;26844 Dryden Terrace;Loretto;MN;55598;763-446-3946
380;Son Paroni;sparoniaj@g.co;481 Debs Trail;Watertown;MA;02472;857-849-6722
381;Felix Tribbeck;ftribbeckak@tripadvisor.com;15216 Spaight Park;Chula Vista;CA;91913;619-816-4921
382;Lowe Milmoe;lmilmoeal@creativecommons.org;3 Daystar Hill;Bonita Springs;FL;34135;941-598-9764
383;Johnette Landall;jlandallam@acquirethisname.com;8687 Scott Park;Columbus;GA;31998;706-817-2037
384;Gavan Sharp;gsharpan@geocities.com;68602 Lakewood Gardens Trail;Atlanta;GA;30336;404-654-1337
385;Albert Goodlip;agoodlipao@aol.com;84068 Forest Dale Circle;Minneapolis;MN;55423;763-886-7351
386;Hadrian Oboy;hoboyap@ezinearticles.com;4398 Sommers Trail;Fort Wayne;IN;46896;260-217-7696
387;Muire Kunneke;mkunnekeaq@mac.com;909 Grasskamp Place;New Orleans;LA;70183;504-387-1049
388;Robena De Micoli;rdear@huffingtonpost.com;072 Hoard Drive;Monroe;LA;71208;318-661-9256
389;Farica Eastman;feastmanas@yellowbook.com;06989 Canary Hill;Maple Plain;MN;55579;952-870-9051
390;Alika McKeown;amckeownat@merriam-webster.com;9422 Luster Terrace;Knoxville;TN;37919;865-868-6696
391;Fanya Djekovic;fdjekovicau@zdnet.com;7492 Mccormick Avenue;Palo Alto;CA;94302;650-328-3199
392;Karrah Lopez;klopezav@slideshare.net;99655 Park Meadow Drive;Mc Keesport;PA;15134;412-931-8826
393;Bambie Lernihan;blernihanaw@twitpic.com;22 Michigan Hill;Chicago;IL;60614;773-219-9366
394;Darcy Barge;dbargeax@nydailynews.com;8582 Knutson Pass;Washington;DC;20580;202-476-4786
395;Menard Hunter;mhunteray@bing.com;04170 Magdeline Terrace;Austin;TX;78726;512-719-4754
396;Ricky Tunder;rtunderaz@vimeo.com;841 Namekagon Court;Austin;TX;78726;512-987-6512
397;Cooper McKeighan;cmckeighanb0@apache.org;33 Service Lane;Worcester;MA;01654;508-453-7592
398;Cesaro Duffan;cduffanb1@themeforest.net;9 Golden Leaf Crossing;Young America;MN;55564;952-468-2833
399;Ayn Gudeman;agudemanb2@wordpress.com;914 Springs Point;Pittsburgh;PA;15210;412-662-8345
400;Alice Atwater;aatwaterb3@dailymail.co.uk;45395 Ryan Way;Inglewood;CA;90398;310-728-3939
401;Alverta Tunn;atunnb4@51.la;3 Farragut Court;Milwaukee;WI;53234;414-983-4163
402;Dix Trundle;dtrundleb5@japanpost.jp;424 Cardinal Trail;Amarillo;TX;79171;806-292-3792
403;Hanny Blumire;hblumireb6@cnn.com;3373 Mosinee Lane;Sacramento;CA;94257;916-722-4674
404;Aguistin Wink;awinkb7@cdbaby.com;0 Carpenter Trail;Cincinnati;OH;45271;513-335-5726
405;Jerri Walework;jwaleworkb8@shareasale.com;969 Oriole Circle;Cincinnati;OH;45999;513-230-8401
406;Jennica Ravenshaw;jravenshawb9@mail.ru;26 Springview Junction;Hattiesburg;MS;39404;601-373-1243
407;Fawnia Witherspoon;fwitherspoonba@hugedomains.com;3 Larry Road;Orlando;FL;32825;407-271-5329
408;Clea Durdy;cdurdybb@lycos.com;3766 Algoma Pass;Pasadena;CA;91117;626-642-0069
409;Burk Basilone;bbasilonebc@nbcnews.com;1665 Stuart Point;Tampa;FL;33610;813-729-5068
410;Kora Sallowaye;ksallowayebd@reuters.com;05596 Meadow Ridge Alley;Troy;MI;48098;248-907-6723
411;Kienan Skim;kskimbe@oaic.gov.au;35863 Orin Terrace;Boise;ID;83722;208-975-5336
412;Marne Coslitt;mcoslittbf@princeton.edu;8942 Debs Point;Pittsburgh;PA;15279;412-188-8180
413;Lusa Sarra;lsarrabg@sourceforge.net;63 Di Loreto Crossing;Anaheim;CA;92812;714-732-5609
414;Veronike Rauprich;vrauprichbh@is.gd;92838 Crownhardt Lane;New York City;NY;10155;917-891-4381
415;Burty Forrest;bforrestbi@instagram.com;57 1st Street;Humble;TX;77346;281-993-2989
416;Morganne Ferens;mferensbj@nytimes.com;137 Mallard Way;Seattle;WA;98140;425-333-2648
417;Gaby Corless;gcorlessbk@plala.or.jp;24 Milwaukee Parkway;Irving;TX;75037;214-474-7760
418;Shirline Dillaway;sdillawaybl@craigslist.org;158 Saint Paul Park;New York City;NY;10175;646-444-7832
419;Alyssa Dixcey;adixceybm@wufoo.com;66339 Pleasure Park;Olympia;WA;98516;253-842-7141
420;Arden Else;aelsebn@amazonaws.com;7 Donald Plaza;Arlington;VA;22205;571-969-9488
421;Willamina Foxen;wfoxenbo@topsy.com;22 Lillian Alley;Henderson;NV;89074;702-355-9464
422;Jessie Matussov;jmatussovbp@1688.com;273 Calypso Center;Dayton;OH;45454;937-654-9921
423;Reinald Wellbank;rwellbankbq@wordpress.com;42542 Prentice Avenue;Birmingham;AL;35263;205-741-1678
424;Kaleb Heaney`;kheaneybr@blogtalkradio.com;77836 Dorton Place;Fresno;CA;93750;559-833-5141
425;Eddie Stother;estotherbs@topsy.com;4 Hallows Street;Reston;VA;22096;571-630-6679
426;Chane Darco;cdarcobt@github.io;38 Sullivan Pass;Knoxville;TN;37919;865-627-3582
427;Tobe d' Elboux;tdbu@yandex.ru;37 Kennedy Drive;Toledo;OH;43605;419-790-3865
428;Starr Stot;sstotbv@apple.com;273 Cardinal Crossing;Richmond;CA;94807;510-763-2187
429;Mathilda Eliasson;meliassonbw@constantcontact.com;428 Lukken Plaza;Joliet;IL;60435;815-557-6149
430;Oswell Garratty;ogarrattybx@is.gd;23 Dennis Hill;West Palm Beach;FL;33421;561-893-6018
431;Nicolette Snelgrove;nsnelgroveby@newyorker.com;10 Lunder Junction;Torrance;CA;90510;818-943-2409
432;Carter Iannuzzi;ciannuzzibz@bluehost.com;9908 Barnett Lane;Beaumont;TX;77713;409-689-2390
433;Nollie Clara;nclarac0@smugmug.com;388 Ilene Point;New York City;NY;10045;917-724-9107
434;Siffre Kamena;skamenac1@google.com.br;71884 Pennsylvania Pass;Des Moines;IA;50936;515-305-5269
435;Franciska Olliff;folliffc2@tripadvisor.com;15496 Superior Avenue;Santa Ana;CA;92705;714-835-9310
436;Ainsley Issac;aissacc3@businessinsider.com;5 Lindbergh Way;Bradenton;FL;34205;941-843-1914
437;Gusella Wilcinskis;gwilcinskisc4@qq.com;52135 Pankratz Way;Evansville;IN;47705;812-978-1224
438;Emmanuel Tourle;etourlec5@time.com;86052 Del Sol Pass;Memphis;TN;38126;901-696-0866
439;Flor Arthurs;farthursc6@github.io;31 Continental Plaza;Saint Louis;MO;63196;314-448-2346
440;Marco Risborough;mrisboroughc7@intel.com;0 Del Sol Trail;Everett;WA;98206;425-111-2385
441;Sarah Vasyushkhin;svasyushkhinc8@t.co;7427 Mosinee Street;Migrate;KY;41905;502-209-2228
442;Shawn Rennox;srennoxc9@yolasite.com;136 Norway Maple Avenue;Pittsburgh;PA;15274;412-460-8538
443;Nat Carlett;ncarlettca@umn.edu;717 Spohn Junction;Merrifield;VA;22119;571-615-8719
444;Leia Blaksley;lblaksleycb@jugem.jp;7 Washington Parkway;Newton;MA;02162;508-609-2792
445;Rhea Grossman;rgrossmancc@pagesperso-orange.fr;1 Burrows Parkway;Peoria;IL;61656;309-808-3275
446;Zea Witcombe;zwitcombecd@xrea.com;8 Melrose Trail;Corona;CA;92878;951-940-2336
447;Kathi Castellanos;kcastellanosce@state.gov;50709 Cardinal Street;Corpus Christi;TX;78470;361-992-3856
448;Nowell Cullagh;ncullaghcf@nbcnews.com;9 Sugar Park;Shreveport;LA;71105;318-616-0327
449;Kerri Hounihan;khounihancg@storify.com;2210 Anhalt Street;Salt Lake City;UT;84125;801-810-8272
450;Edgard Swaby;eswabych@eventbrite.com;55121 Basil Circle;Worcester;MA;01605;508-901-3074
451;Eloisa Shackleton;eshackletonci@meetup.com;09 Hoffman Road;Honolulu;HI;96815;808-751-0425
452;Cynthy Findlow;cfindlowcj@infoseek.co.jp;617 West Terrace;Inglewood;CA;90305;323-503-5048
453;Kore Probin;kprobinck@go.com;868 Toban Crossing;Charlotte;NC;28278;704-123-3820
454;Corette Gligorijevic;cgligorijeviccl@baidu.com;9404 Clarendon Circle;Detroit;MI;48224;313-818-0032
455;Blinni Navarijo;bnavarijocm@ox.ac.uk;3 Northport Street;Kansas City;MO;64142;816-315-3733
456;Lori Stendell;lstendellcn@huffingtonpost.com;71291 Graceland Street;Omaha;NE;68110;402-476-7268
457;Hildagarde Ough;houghco@google.co.uk;0278 Kim Lane;Fort Worth;TX;76129;817-441-3752
458;Rhona Gyrgorcewicx;rgyrgorcewicxcp@sitemeter.com;45452 Walton Park;Indianapolis;IN;46221;317-533-3442
459;Lorraine Kettlesing;lkettlesingcq@freewebs.com;77 Golf Alley;Charlotte;NC;28299;704-270-1103
460;Toddy Goodship;tgoodshipcr@google.ru;78 Hoard Hill;Savannah;GA;31422;912-240-4950
461;Eduino Willshear;ewillshearcs@1688.com;4318 Rigney Trail;Boise;ID;83757;208-526-9434
462;Betsy Bow;bbowct@macromedia.com;9 Laurel Court;New Orleans;LA;70179;504-292-3561
463;Benedick Shann;bshanncu@engadget.com;75 Upham Alley;Portsmouth;NH;00214;603-894-7049
464;Sean Chadney;schadneycv@unicef.org;54 Buell Drive;Seattle;WA;98140;425-811-7314
465;Alfonso McReynold;amcreynoldcw@exblog.jp;1132 Warrior Point;Torrance;CA;90510;818-489-7027
466;Milton Goretti;mgoretticx@facebook.com;3863 Crowley Circle;San Francisco;CA;94121;415-322-2553
467;Alta Cowlas;acowlascy@edublogs.org;938 Buhler Parkway;Omaha;NE;68179;402-401-9217
468;Griselda Bosenworth;gbosenworthcz@google.cn;112 Carioca Crossing;Kansas City;MO;64101;816-784-1124
469;Ondrea Menego;omenegod0@mozilla.org;858 Butterfield Way;Hartford;CT;06140;860-747-7362
470;Fleurette Hardage;fhardaged1@indiatimes.com;539 Delaware Center;Saint Louis;MO;63143;314-649-8088
471;Lyn Mosey;lmoseyd2@addtoany.com;80 Gerald Alley;Washington;DC;20010;202-443-3862
472;Sherill Bluett;sbluettd3@drupal.org;69228 Charing Cross Avenue;Topeka;KS;66667;785-849-3134
473;Reinwald Sellstrom;rsellstromd4@over-blog.com;25 Oak Park;Indianapolis;IN;46221;317-364-6189
474;Raynard Neller;rnellerd5@sina.com.cn;7 Swallow Lane;Lexington;KY;40515;859-556-7513
475;Melita Penwright;mpenwrightd6@businesswire.com;54603 Arrowood Parkway;Minneapolis;MN;55423;763-163-7097
476;Arel Botcherby;abotcherbyd7@wisc.edu;433 Briar Crest Way;Los Angeles;CA;90005;818-203-8640
477;Kerri Firbanks;kfirbanksd8@accuweather.com;5 Russell Park;Kansas City;MO;64193;816-551-1716
478;Keen Tembridge;ktembridged9@gravatar.com;9302 Rusk Place;Springfield;MO;65805;417-532-0936
479;Kristy Allsop;kallsopda@cam.ac.uk;61596 Mandrake Pass;Topeka;KS;66667;785-319-7371
480;Judie Cridlon;jcridlondb@seattletimes.com;82757 Farmco Terrace;Lawrenceville;GA;30245;678-698-6662
481;Lance Auld;laulddc@imgur.com;95 Toban Junction;Birmingham;AL;35215;205-489-7919
482;Sari Ondrus;sondrusdd@aboutads.info;83 Bunker Hill Hill;Houston;TX;77212;713-577-8240
483;Conroy Bruckstein;cbrucksteinde@guardian.co.uk;32 Grover Crossing;Lake Worth;FL;33462;561-303-4833
484;Baudoin Shellibeer;bshellibeerdf@multiply.com;9724 Summit Drive;Naples;FL;34108;239-481-5584
485;Kelcy Harpin;kharpindg@cbslocal.com;2 Lotheville Alley;Raleigh;NC;27658;919-935-2516
486;Erma Cushworth;ecushworthdh@epa.gov;0 Schlimgen Alley;Jackson;MS;39282;601-693-3540
487;Emelyne Galton;egaltondi@ning.com;5 Gina Pass;Johnstown;PA;15906;814-369-8204
488;Nancee Geerdts;ngeerdtsdj@skyrock.com;62374 Armistice Terrace;Houston;TX;77212;713-220-9115
489;Elbertina Mohun;emohundk@vimeo.com;04003 Miller Trail;Allentown;PA;18105;610-443-9923
490;Yurik Riggey;yriggeydl@economist.com;2311 Ridgeway Circle;Spring;TX;77386;713-446-2643
491;Consuelo Boxen;cboxendm@studiopress.com;51 Shoshone Center;San Bernardino;CA;92424;909-849-2102
492;Gayle Bernardot;gbernardotdn@bbb.org;888 Eagle Crest Center;Maple Plain;MN;55572;763-361-4827
493;Ginnie Sperrett;gsperrettdo@list-manage.com;98 Fuller Circle;Waterbury;CT;06726;203-845-1576
494;Cyndia Livett;clivettdp@1und1.de;35 Sugar Pass;Atlanta;GA;31132;404-221-9832
495;Othella Duggary;oduggarydq@hatena.ne.jp;0378 Schmedeman Avenue;El Paso;TX;79977;915-356-7120
496;Arthur Hollibone;ahollibonedr@kickstarter.com;56 Crest Line Way;Detroit;MI;48295;313-702-3069
497;Brinn Moiser;bmoiserds@nationalgeographic.com;64 Esch Street;Pasadena;CA;91186;626-313-0278
498;Jocelyne Skain;jskaindt@cloudflare.com;14 Oak Point;Phoenix;AZ;85045;602-264-0351
499;Marie-jeanne Wildgoose;mwildgoosedu@1688.com;87701 7th Lane;Dallas;TX;75342;469-920-9030
500;Kinnie Carnachen;kcarnachendv@cnet.com;017 Swallow Lane;Tucson;AZ;85754;520-203-2363
501;Estella Aisthorpe;eaisthorpedw@goo.gl;40662 6th Parkway;Monroe;LA;71213;318-950-6957
502;Alvie Le Provost;aledx@123-reg.co.uk;34 Cascade Terrace;Glendale;CA;91210;818-758-7432
503;Elnore Maltster;emaltsterdy@slashdot.org;68012 Debs Terrace;Pittsburgh;PA;15255;412-804-5404
504;Sim Thorrold;sthorrolddz@istockphoto.com;13 Banding Point;Philadelphia;PA;19191;215-470-5597
505;Dode Valeri;dvalerie0@reverbnation.com;76327 Vermont Alley;Albuquerque;NM;87195;505-612-1700
506;Brewster Ebanks;bebankse1@xrea.com;61 Menomonie Plaza;High Point;NC;27264;336-962-5348
507;Coletta Marlor;cmarlore2@amazonaws.com;4 Moose Junction;San Jose;CA;95123;408-935-6040
508;Marji Ozanne;mozannee3@tumblr.com;2647 Swallow Parkway;Port Charlotte;FL;33954;941-459-8034
509;Beryle Laughnan;blaughnane4@tripod.com;693 Esker Pass;Chattanooga;TN;37450;423-516-8199
510;Immanuel Tilberry;itilberrye5@a8.net;2678 7th Trail;Washington;DC;20029;202-820-7019
511;Levon Selland;lsellande6@engadget.com;5 Coleman Alley;Cincinnati;OH;45271;513-489-9584
512;Teresita Flockhart;tflockharte7@google.nl;2 Marquette Drive;Monroe;LA;71213;318-810-5118
513;Tootsie Dimberline;tdimberlinee8@sun.com;44205 Fordem Crossing;Hartford;CT;06183;860-795-5682
514;Donella Spore;dsporee9@e-recht24.de;5225 Orin Plaza;Lawrenceville;GA;30045;404-960-6296
515;Guillaume Gilbody;ggilbodyea@is.gd;2 Bellgrove Avenue;San Diego;CA;92186;619-695-3045
516;Monica Heiden;mheideneb@stanford.edu;56 Bay Hill;Tulsa;OK;74108;918-479-0090
517;Ulysses Yirrell;uyirrellec@mapy.cz;793 Larry Court;Abilene;TX;79605;325-850-7322
518;Dniren Crosby;dcrosbyed@ftc.gov;613 Golf View Circle;Sacramento;CA;94291;916-261-4397
519;Rori Horwell;rhorwellee@tamu.edu;087 Pawling Place;Saint Paul;MN;55166;651-151-7064
520;Pepito Klimes;pklimesef@printfriendly.com;17662 Sugar Point;Washington;DC;20566;202-246-0631
521;Yovonnda Northin;ynorthineg@google.com;1533 Drewry Alley;Bellevue;WA;98008;206-200-7456
522;Amanda Cholonin;acholonineh@mashable.com;049 Johnson Parkway;Durham;NC;27710;919-510-3472
523;Sigismondo Twelftree;stwelftreeei@slashdot.org;92962 Scoville Drive;Bronx;NY;10469;917-463-9399
524;Amalle Du Hamel;aduej@cdc.gov;2 Carpenter Junction;Philadelphia;PA;19104;610-408-1552
525;Rudd Deekes;rdeekesek@51.la;9584 Bartillon Alley;Birmingham;AL;35254;205-485-0289
526;Vina Ilchuk;vilchukel@google.cn;990 Memorial Lane;Alpharetta;GA;30022;770-274-2130
527;Hetti Lonergan;hlonerganem@lycos.com;7344 Butterfield Terrace;Van Nuys;CA;91406;626-813-6079
528;Doloritas Going;dgoingen@taobao.com;059 Macpherson Avenue;Charlotte;NC;28210;704-275-9252
529;Zorine Joder;zjodereo@tinypic.com;3224 5th Plaza;Topeka;KS;66611;785-755-3600
530;Gale Brazil;gbrazilep@boston.com;9783 Main Court;Bloomington;IL;61709;309-312-2316
531;Penn Parnaby;pparnabyeq@fotki.com;46916 Sunbrook Junction;Birmingham;AL;35215;205-778-3617
532;Feodora Padula;fpadulaer@facebook.com;63 Evergreen Lane;Santa Monica;CA;90405;818-802-8140
533;Cesaro Maxfield;cmaxfieldes@live.com;0 Graedel Terrace;Jackson;MS;39296;601-173-8590
534;Al Narbett;anarbettet@ameblo.jp;51568 Kennedy Hill;El Paso;TX;88514;915-988-5365
535;Thain Piaggia;tpiaggiaeu@blogspot.com;7 Esker Circle;Dayton;OH;45490;937-102-8593
536;Rodolph Durrad;rdurradev@deliciousdays.com;3 Cottonwood Avenue;San Antonio;TX;78250;210-629-3361
537;Stanwood Ettles;settlesew@tiny.cc;327 Red Cloud Court;Miami;FL;33190;305-406-2046
538;Cleve Deener;cdeenerex@wordpress.com;588 Crest Line Court;Roanoke;VA;24004;540-580-1437
539;Corliss Sitlinton;csitlintoney@xrea.com;593 High Crossing Court;Saint Petersburg;FL;33742;727-810-2065
540;Gretna Cawte;gcawteez@timesonline.co.uk;1381 Kingsford Point;Cleveland;OH;44111;216-299-3556
541;Tremayne Richardes;trichardesf0@biblegateway.com;35 Milwaukee Trail;Yakima;WA;98907;509-531-3030
542;Gabriellia MacNockater;gmacnockaterf1@ning.com;67804 Anthes Lane;Las Vegas;NV;89110;702-452-1527
543;Nissie Dutteridge;ndutteridgef2@rediff.com;81 Old Gate Street;Moreno Valley;CA;92555;951-925-4165
544;Ursola Crassweller;ucrasswellerf3@wikimedia.org;6 Ruskin Point;Anchorage;AK;99507;907-765-6239
545;Mollie Crenshaw;mcrenshawf4@usnews.com;58755 Elgar Trail;Brooklyn;NY;11225;718-140-0911
546;Herb Wadmore;hwadmoref5@samsung.com;5203 Hudson Junction;Athens;GA;30605;706-316-8829
547;Tootsie Orteaux;torteauxf6@blogspot.com;3664 Banding Lane;San Diego;CA;92145;858-640-3455
548;Charlene Grigore;cgrigoref7@goo.gl;50 Hoepker Hill;Pittsburgh;PA;15279;412-598-2989
549;Sula Craze;scrazef8@ask.com;5501 Aberg Hill;Fort Worth;TX;76134;817-987-9519
550;Tedda Clausner;tclausnerf9@unblog.fr;23 Jenna Crossing;Wilmington;DE;19892;302-710-8383
551;Jenica Everal;jeveralfa@shareasale.com;79 Vera Crossing;Tacoma;WA;98405;253-204-4562
552;Imelda Pooley;ipooleyfb@shop-pro.jp;9 Kings Junction;Atlanta;GA;30351;404-808-1583
553;Julie Santen;jsantenfc@parallels.com;028 Kenwood Lane;Miami;FL;33261;305-764-6185
554;Vivia Avramovsky;vavramovskyfd@cafepress.com;738 Springview Street;Springfield;IL;62718;217-951-3260
555;Delila Withnall;dwithnallfe@howstuffworks.com;601 Pawling Court;El Paso;TX;88525;915-200-9814
556;Chester Ironside;cironsideff@domainmarket.com;2 Badeau Lane;Akron;OH;44310;330-851-6838
557;Claudio Bruneton;cbrunetonfg@furl.net;1064 Westport Trail;Cumming;GA;30130;706-795-4268
558;Alissa Guthrum;aguthrumfh@163.com;5716 Basil Alley;San Diego;CA;92110;619-484-0473
559;Dallas Wike;dwikefi@pen.io;42738 5th Lane;Waco;TX;76705;254-590-0946
560;Octavius Albro;oalbrofj@clickbank.net;3854 Utah Street;Albany;NY;12255;518-468-5801
561;Lura Baythorp;lbaythorpfk@github.com;74 Pawling Park;Houston;TX;77060;713-754-2993
562;Simone Reddish;sreddishfl@posterous.com;162 Brickson Park Alley;Herndon;VA;22070;757-236-0202
563;Milicent Hick;mhickfm@liveinternet.ru;16720 Jenifer Hill;Jacksonville;FL;32204;904-845-0119
564;Cordy Kubasek;ckubasekfn@uol.com.br;15070 Hollow Ridge Trail;Humble;TX;77346;281-797-3294
565;Merline Foss;mfossfo@japanpost.jp;3 Doe Crossing Park;El Paso;TX;88541;915-450-3387
566;Moises Walby;mwalbyfp@addtoany.com;16 Union Plaza;Houston;TX;77045;713-744-3710
567;Lorry Scarrisbrick;lscarrisbrickfq@ocn.ne.jp;13170 Nobel Street;Arlington;VA;22244;571-593-2111
568;Constantia Sagerson;csagersonfr@usa.gov;1252 Dexter Pass;Hartford;CT;06152;860-495-8036
569;Joachim Brimmell;jbrimmellfs@stumbleupon.com;4850 Parkside Street;Dallas;TX;75372;214-119-0718
570;Gabrielle Kobsch;gkobschft@princeton.edu;52333 Declaration Road;Canton;OH;44760;234-675-2104
571;Claudine Wenger;cwengerfu@livejournal.com;32793 Lyons Circle;Washington;DC;20525;202-913-2871
572;Oby Schechter;oschechterfv@scientificamerican.com;505 Lerdahl Hill;Brooklyn;NY;11247;212-761-1019
573;Dicky Campe;dcampefw@oracle.com;50678 Lighthouse Bay Avenue;Peoria;IL;61614;309-196-1767
574;Licha McVanamy;lmcvanamyfx@indiatimes.com;45482 Esker Park;Houston;TX;77035;281-257-1378
575;Meggi Paolini;mpaolinify@sbwire.com;30332 Warbler Crossing;Arlington;VA;22205;571-499-8844
576;Barbe Lidyard;blidyardfz@ow.ly;18 Heffernan Park;South Bend;IN;46634;574-403-2172
577;Mehetabel Febre;mfebreg0@fotki.com;03 Chive Avenue;Kansas City;MO;64149;816-804-9138
578;Mirelle Kilian;mkiliang1@msn.com;4 Cascade Road;Nashville;TN;37250;615-891-3761
579;Maurie Breakey;mbreakeyg2@chron.com;3 Northport Pass;Honolulu;HI;96820;808-557-4028
580;Damian McFeat;dmcfeatg3@rambler.ru;1 Debs Road;Merrifield;VA;22119;571-908-1868
581;Arturo Sarch;asarchg4@reference.com;22 Kenwood Circle;Houston;TX;77228;713-782-7855
582;Yolanda Sharply;ysharplyg5@ca.gov;01 Sundown Way;Pittsburgh;PA;15235;724-206-6466
583;Rockwell Gerssam;rgerssamg6@ameblo.jp;24 Karstens Road;Washington;DC;20260;202-794-8031
584;Perri Heater;pheaterg7@msn.com;8 Graedel Place;Washington;DC;20215;202-399-0065
585;Mathian Lanfere;mlanfereg8@acquirethisname.com;8 Dottie Park;Washington;DC;20337;202-646-5179
586;Lezlie Tofanini;ltofaninig9@whitehouse.gov;1877 Elgar Terrace;Springfield;IL;62718;217-700-9416
587;Kimmie Coplestone;kcoplestonega@1688.com;4258 Vermont Trail;Nashville;TN;37228;615-718-0991
588;Dixie Yosifov;dyosifovgb@unc.edu;3 Hanover Place;Madison;WI;53710;608-958-1916
589;Chaddy Yukhtin;cyukhtingc@netscape.com;6351 Red Cloud Parkway;Monroe;LA;71213;318-756-2922
590;Doro Melbury;dmelburygd@behance.net;9 Hauk Avenue;Savannah;GA;31410;912-302-1713
591;Avery Covotti;acovottige@technorati.com;844 Hazelcrest Avenue;Saint Louis;MO;63126;636-494-7339
592;Dasie Berriball;dberriballgf@lulu.com;09684 Clarendon Road;San Diego;CA;92110;619-350-3680
593;Filbert Lamping;flampinggg@webmd.com;5720 Anniversary Parkway;San Diego;CA;92196;619-713-5919
594;Bree Torra;btorragh@auda.org.au;5 Rieder Alley;Washington;DC;20299;202-192-4778
595;Bron Terbeek;bterbeekgi@flavors.me;1585 Farmco Lane;Pensacola;FL;32526;850-984-6187
596;Adelaida Cassidy;acassidygj@engadget.com;865 Waubesa Alley;Anchorage;AK;99507;907-477-2383
597;Orsola Ramard;oramardgk@dropbox.com;84995 Michigan Place;Greensboro;NC;27499;336-568-5512
598;Bryanty Bollen;bbollengl@hubpages.com;6931 Montana Plaza;Boston;MA;02104;318-109-6327
599;Zebulen Bigglestone;zbigglestonegm@ning.com;90 Marquette Court;Washington;DC;20442;202-914-5179
600;Gwen Mouatt;gmouattgn@huffingtonpost.com;36620 Erie Pass;Houston;TX;77223;713-339-4781
601;Augustine Stockau;astockaugo@netvibes.com;688 Haas Place;New York City;NY;10090;212-549-4894
602;Nicko Dowdell;ndowdellgp@lycos.com;43 Onsgard Court;Madison;WI;53716;608-168-6006
603;Coleman Askie;caskiegq@xing.com;22639 Mifflin Parkway;Morgantown;WV;26505;304-110-5789
604;Pieter Skentelbery;pskentelberygr@photobucket.com;532 Reinke Center;Newark;NJ;07104;973-816-5843
605;Maynard Blaxton;mblaxtongs@prweb.com;1334 Merchant Street;Clearwater;FL;34615;727-833-2880
606;Johanna Pelz;jpelzgt@oracle.com;9 Dwight Plaza;Pocatello;ID;83206;208-432-5731
607;Hedwig Linbohm;hlinbohmgu@bandcamp.com;581 Birchwood Center;Akron;OH;44310;330-150-9548
608;Shanan Grinaway;sgrinawaygv@cbslocal.com;948 Village Avenue;Bronx;NY;10454;718-714-8433
609;Del Kestell;dkestellgw@umn.edu;479 Westerfield Center;Mesquite;TX;75185;972-567-7738
610;Bernardine Gerlts;bgerltsgx@admin.ch;33 Prentice Drive;Alexandria;VA;22309;202-310-4385
611;Evy Palmby;epalmbygy@hatena.ne.jp;32 Monica Point;Dallas;TX;75323;214-813-3987
612;Barbabas Docket;bdocketgz@alibaba.com;17 Muir Road;Amarillo;TX;79116;806-735-9084
613;Novelia Moreno;nmorenoh0@blinklist.com;418 Memorial Road;Lynchburg;VA;24503;434-442-4546
614;Reagen De Malchar;rdeh1@bandcamp.com;79 Anzinger Pass;Austin;TX;78749;512-228-4072
615;Land Gornal;lgornalh2@themeforest.net;607 Menomonie Alley;Anaheim;CA;92805;562-121-9859
616;Gussie Lukasik;glukasikh3@cbc.ca;4367 Lakewood Pass;Saint Petersburg;FL;33705;727-306-5470
617;Olag Brigden;obrigdenh4@issuu.com;653 Arapahoe Drive;Knoxville;TN;37914;865-358-2958
618;Ferd Berrey;fberreyh5@biblegateway.com;7 Judy Circle;Tuscaloosa;AL;35405;205-873-0877
619;Jenda Picardo;jpicardoh6@reverbnation.com;681 Mayer Drive;Grand Junction;CO;81505;970-409-5188
620;Peria Huison;phuisonh7@webmd.com;4 Dexter Avenue;Youngstown;OH;44555;330-277-0576
621;Kellina Emtage;kemtageh8@uiuc.edu;6271 Merrick Road;Lexington;KY;40576;859-777-5645
622;Zonda Petteford;zpettefordh9@sbwire.com;87601 Knutson Street;Great Neck;NY;11024;516-834-4013
623;Sarajane Mohamed;smohamedha@telegraph.co.uk;63089 Fordem Plaza;El Paso;TX;88558;915-942-9944
624;Finn Backsal;fbacksalhb@ibm.com;4528 Chive Pass;Aurora;CO;80044;303-850-6571
625;Thedrick Copyn;tcopynhc@qq.com;6578 Northwestern Street;Dallas;TX;75323;214-116-7292
626;Xenos Altoft;xaltofthd@ihg.com;4851 Village Plaza;Memphis;TN;38197;901-569-3265
627;Godart Moston;gmostonhe@zimbio.com;9 Anhalt Trail;Largo;FL;34643;727-892-5690
628;Gwenneth Abercromby;gabercrombyhf@craigslist.org;65994 Pepper Wood Lane;Washington;DC;20310;202-403-1286
629;Paulina Bilsland;pbilslandhg@pen.io;4310 Carioca Circle;Washington;DC;20299;202-527-6344
630;Gerardo Songhurst;gsonghursthh@wikia.com;7 Ronald Regan Way;Miami;FL;33153;786-754-1727
631;Patti Howden;phowdenhi@dagondesign.com;97888 Chive Hill;Dayton;OH;45440;937-633-9925
632;Vyky Eberst;vebersthj@who.int;724 Sunbrook Avenue;Jackson;TN;38308;731-568-4235
633;Mariana Vakhlov;mvakhlovhk@cafepress.com;624 Hoffman Road;Brooklyn;NY;11241;347-111-0420
634;Lorenza Erley;lerleyhl@wix.com;286 Thackeray Center;Anchorage;AK;99507;907-854-2997
635;Kalie Winson;kwinsonhm@omniture.com;80 Carpenter Drive;Grand Rapids;MI;49544;616-658-7371
636;Emily Apark;eaparkhn@lycos.com;76946 5th Parkway;Phoenix;AZ;85020;602-128-6508
637;Lucian Agerskow;lagerskowho@washington.edu;447 Drewry Point;Odessa;TX;79769;432-446-6652
638;Lainey Goodred;lgoodredhp@fastcompany.com;56994 Petterle Place;Rochester;MN;55905;507-662-3613
639;Gianni Wardley;gwardleyhq@blog.com;4 Bultman Drive;Glendale;CA;91205;818-459-3090
640;Tiphanie McPake;tmcpakehr@homestead.com;1 Graceland Terrace;Bloomington;IN;47405;812-141-0259
641;Bern Lees;bleeshs@discuz.net;7 Ilene Trail;Baltimore;MD;21216;410-788-1126
642;Maryrose Scutchings;mscutchingsht@cmu.edu;9 Tomscot Terrace;Anderson;IN;46015;765-380-4282
643;Gene MacArdle;gmacardlehu@yandex.ru;3255 Bluejay Court;Providence;RI;02912;401-624-8172
644;Morgana Sonnenschein;msonnenscheinhv@livejournal.com;86 Holmberg Avenue;Roanoke;VA;24014;540-515-1578
645;Shanda Catcherside;scatchersidehw@dropbox.com;6972 Hansons Center;Juneau;AK;99812;907-234-6643
646;Bertrand Blasi;bblasihx@purevolume.com;122 Leroy Hill;Waterbury;CT;06726;203-921-5386
647;Clarita Hawkes;chawkeshy@addthis.com;35 Calypso Center;Alexandria;LA;71307;318-136-0504
648;Dag Capitano;dcapitanohz@unesco.org;51 Veith Parkway;Chicago;IL;60674;312-208-2521
649;Cull Buffham;cbuffhami0@de.vu;205 Waubesa Pass;Springfield;MA;01152;413-994-6606
650;Collen Ramirez;cramirezi1@globo.com;1781 6th Court;Washington;DC;20404;202-244-6651
651;Ellerey Doughton;edoughtoni2@people.com.cn;9 Manufacturers Street;Knoxville;TN;37924;865-186-5701
652;Amalee Kiddy;akiddyi3@sina.com.cn;59 Barby Avenue;Baltimore;MD;21239;410-709-9975
653;Ode Portis;oportisi4@fastcompany.com;36100 Graedel Place;Portsmouth;NH;00214;603-810-2633
654;Lilian De La Cote;ldei5@usatoday.com;03004 Lotheville Way;Canton;OH;44710;330-681-0123
655;Ber Barthram;bbarthrami6@nba.com;8 Judy Parkway;Newark;NJ;07188;862-663-3802
656;Niels Cricket;ncricketi7@mtv.com;1693 Manley Point;Flint;MI;48505;810-816-0410
657;Bernelle Catterson;bcattersoni8@disqus.com;3782 Morning Avenue;Bradenton;FL;34205;941-898-7578
658;Olympe Carrigan;ocarrigani9@miitbeian.gov.cn;8 Jenna Hill;Wilmington;DE;19805;302-706-9392
659;Kilian Pickburn;kpickburnia@constantcontact.com;433 Loeprich Lane;Baltimore;MD;21281;410-438-1695
660;Silvan Bigly;sbiglyib@squarespace.com;529 Cascade Parkway;Knoxville;TN;37939;865-767-1826
661;Clem Bonallick;cbonallickic@mtv.com;1 Schiller Court;Glendale;AZ;85311;602-689-3739
662;Thorsten Dymick;tdymickid@tiny.cc;5 Del Sol Alley;Mount Vernon;NY;10557;914-120-0308
663;Ranice Decayette;rdecayetteie@fc2.com;552 Transport Point;Oklahoma City;OK;73179;405-704-6924
664;Shay McLemon;smclemonif@edublogs.org;56 Macpherson Parkway;Dallas;TX;75397;214-183-2364
665;Pattie Smead;psmeadig@noaa.gov;32938 Rowland Center;Chicago;IL;60681;312-317-9831
666;Clerc Vicent;cvicentih@spotify.com;20 Moland Way;Los Angeles;CA;90189;213-428-9635
667;Claybourne Fetters;cfettersii@squarespace.com;24183 Melody Way;Atlanta;GA;30356;404-381-3530
668;Cara Pyzer;cpyzerij@ehow.com;2 Westport Street;Lubbock;TX;79452;806-345-2873
669;Jewelle McGrah;jmcgrahik@biglobe.ne.jp;836 Bashford Terrace;San Francisco;CA;94159;415-881-5771
670;Natka De L'Isle;ndeil@digg.com;9999 Messerschmidt Circle;Tallahassee;FL;32399;850-301-6784
671;Jefferson Matten;jmattenim@sphinn.com;0193 Kenwood Place;Indianapolis;IN;46278;317-123-3929
672;Catarina Tink;ctinkin@stanford.edu;7 Florence Junction;Charleston;WV;25389;304-586-2260
673;Brennan O' Lone;boio@psu.edu;43 Moulton Court;Falls Church;VA;22047;571-103-7167
674;Floris Stubbe;fstubbeip@arstechnica.com;7 Lillian Pass;Sacramento;CA;94230;916-751-2921
675;Giavani Tooth;gtoothiq@ca.gov;166 Oriole Park;Cincinnati;OH;45233;513-977-8475
676;Eldredge Clift;ecliftir@wufoo.com;42479 Spenser Crossing;Winston Salem;NC;27150;336-462-0041
677;Peter Darmody;pdarmodyis@twitter.com;42294 Little Fleur Avenue;Oklahoma City;OK;73114;405-285-7062
678;Cherish Janca;cjancait@weibo.com;3504 Carey Trail;Sioux Falls;SD;57188;605-198-6287
679;Xena Cotty;xcottyiu@si.edu;588 Butterfield Plaza;Harrisburg;PA;17121;717-861-0701
680;Pennie Hanratty;phanrattyiv@ifeng.com;4 Summer Ridge Street;Santa Fe;NM;87505;505-672-6894
681;Babara Millions;bmillionsiw@usnews.com;13829 Warbler Circle;Glendale;CA;91205;818-488-3365
682;Giorgio Beaumont;gbeaumontix@netvibes.com;777 Upham Point;Fresno;CA;93726;559-920-1963
683;Zebedee Stancer;zstanceriy@ed.gov;233 Calypso Lane;Chandler;AZ;85246;602-473-0292
684;Amanda Franceschino;afranceschinoiz@twitter.com;11 Stuart Court;Houston;TX;77030;281-863-9352
685;Bengt McMurrugh;bmcmurrughj0@behance.net;244 Annamark Road;Akron;OH;44315;330-571-1705
686;Ricca Bonnick;rbonnickj1@bandcamp.com;402 Lyons Point;El Paso;TX;88519;915-673-2276
687;Godard Silk;gsilkj2@newyorker.com;23 Monica Court;Birmingham;AL;35205;205-861-4660
688;Babbie Buckthought;bbuckthoughtj3@msu.edu;954 Oak Valley Center;Greensboro;NC;27404;336-116-8468
689;Murry Graine;mgrainej4@sciencedaily.com;215 Waxwing Terrace;Zephyrhills;FL;33543;813-654-1807
690;Elwira Ply;eplyj5@plala.or.jp;1196 Mccormick Circle;Chicago;IL;60624;312-188-8075
691;Neely Maestrini;nmaestrinij6@discuz.net;02673 Express Drive;Champaign;IL;61825;217-130-1699
692;Risa Tester;rtesterj7@e-recht24.de;3 Dottie Pass;Naples;FL;34102;239-177-6064
693;Heddi Goodliff;hgoodliffj8@chron.com;25062 Autumn Leaf Avenue;Morgantown;WV;26505;304-649-3271
694;Ingelbert Odcroft;iodcroftj9@ehow.com;408 Comanche Lane;Torrance;CA;90505;310-490-3776
695;Pier Cogman;pcogmanja@fema.gov;274 Milwaukee Terrace;Little Rock;AR;72204;501-610-3343
696;Emmanuel Renbold;erenboldjb@guardian.co.uk;650 Welch Plaza;Jamaica;NY;11407;516-576-6545
697;Paddie Dreigher;pdreigherjc@posterous.com;95 Gale Terrace;Washington;DC;20425;202-795-0679
698;Hashim McGraith;hmcgraithjd@mapquest.com;54 Tennyson Hill;Houston;TX;77060;713-488-7355
699;Romonda Geane;rgeaneje@homestead.com;788 Grover Road;Lubbock;TX;79415;806-840-4892
700;Rodina Manilo;rmanilojf@china.com.cn;8 Bashford Center;Wichita Falls;TX;76305;940-907-1845
701;Zara Aspinal;zaspinaljg@usnews.com;4 Havey Place;Irvine;CA;92710;714-920-2677
702;Gladys Gullane;ggullanejh@mapy.cz;74555 Hermina Crossing;Houston;TX;77085;281-881-2411
703;Fransisco Cancelier;fcancelierji@latimes.com;9410 3rd Park;Atlanta;GA;30323;770-338-4293
704;Patience Bantham;pbanthamjj@house.gov;01 Sherman Pass;Rochester;NY;14639;585-476-6945
705;Rowena Bard;rbardjk@elpais.com;1133 Anthes Place;Houston;TX;77045;281-245-8103
706;Law Maylour;lmaylourjl@wix.com;6349 Grayhawk Avenue;New Haven;CT;06533;203-842-6125
707;Vachel Wigley;vwigleyjm@oaic.gov.au;50913 Oneill Hill;Durham;NC;27717;919-927-0120
708;Lay Panons;lpanonsjn@paypal.com;21531 Elmside Terrace;Dallas;TX;75387;214-927-4754
709;Kayle Quantick;kquantickjo@issuu.com;86478 Fairfield Alley;Memphis;TN;38126;901-224-0893
710;Nicki Stubbe;nstubbejp@reddit.com;47415 Comanche Point;Santa Ana;CA;92725;714-376-9061
711;Jennica Weathers;jweathersjq@github.io;2101 Mcguire Place;Cedar Rapids;IA;52410;319-842-4141
712;Darsey Everest;deverestjr@howstuffworks.com;7 Norway Maple Alley;El Paso;TX;79994;915-305-4137
713;Merrill Courtenay;mcourtenayjs@geocities.jp;953 Lerdahl Point;Philadelphia;PA;19196;215-605-5785
714;Glenn Curzon;gcurzonjt@msn.com;696 Corben Drive;Charlotte;NC;28247;704-321-5720
715;Mile Gotthard;mgotthardju@usnews.com;6 Village Place;Houston;TX;77206;713-972-8068
716;Arv O'Hanlon;aohanlonjv@ifeng.com;70 Walton Avenue;Pittsburgh;PA;15240;412-525-8495
717;Jens McGrane;jmcgranejw@weebly.com;1351 Hoepker Point;Saint Augustine;FL;32092;904-305-5607
718;Rutter Streader;rstreaderjx@cyberchimps.com;367 Logan Point;Charlotte;NC;28225;704-852-9759
719;Dorette Commusso;dcommussojy@ihg.com;7138 Dapin Pass;Charleston;WV;25305;304-336-3614
720;Briana Shorto;bshortojz@hatena.ne.jp;36 Bay Center;Fort Lauderdale;FL;33325;954-295-4996
721;Mozelle Huntly;mhuntlyk0@multiply.com;00 Fair Oaks Plaza;Raleigh;NC;27615;919-415-0334
722;Perry Heavy;pheavyk1@pcworld.com;4 Scott Trail;Knoxville;TN;37924;865-188-9803
723;Kain Stolworthy;kstolworthyk2@purevolume.com;87546 Burrows Park;Cincinnati;OH;45999;513-241-5585
724;Augustus Slocumb;aslocumbk3@friendfeed.com;8718 Fisk Pass;Jefferson City;MO;65110;573-216-7364
725;Portia Dulwich;pdulwichk4@google.de;96 Summerview Park;Orlando;FL;32835;407-539-7736
726;Odey Huebner;ohuebnerk5@utexas.edu;8524 Swallow Hill;Monticello;MN;55565;763-502-0377
727;Dayna Marquot;dmarquotk6@usatoday.com;854 South Drive;Sparks;NV;89436;775-133-5444
728;Missy Jayume;mjayumek7@shinystat.com;837 Lukken Center;El Paso;TX;79940;915-205-4672
729;Marshal Revell;mrevellk8@oaic.gov.au;6 Blackbird Court;Seattle;WA;98175;206-820-2839
730;Nicol Corneljes;ncorneljesk9@bigcartel.com;54625 Forster Place;Spartanburg;SC;29319;864-354-2644
731;Ruthanne Dimnage;rdimnageka@hibu.com;8 Debs Park;Fort Lauderdale;FL;33315;954-147-7738
732;Artemis Bruggeman;abruggemankb@theguardian.com;8 Calypso Court;Lansing;MI;48912;517-471-0088
733;Loralyn Larvent;llarventkc@simplemachines.org;83390 Longview Avenue;Terre Haute;IN;47812;812-607-5031
734;Hector Wales;hwaleskd@nature.com;0630 Butterfield Street;Chicago;IL;60604;224-293-7082
735;Charmine Page;cpageke@disqus.com;419 Ridgeview Avenue;Memphis;TN;38104;901-634-9354
736;Zita Gadie;zgadiekf@dion.ne.jp;64 Loomis Court;Baton Rouge;LA;70836;225-463-9771
737;Myra Heller;mhellerkg@last.fm;36 Vahlen Terrace;Pueblo;CO;81005;719-284-4005
738;Penny Shire;pshirekh@networkadvertising.org;4 Surrey Plaza;Trenton;NJ;08603;609-421-0462
739;Marys Lippitt;mlippittki@craigslist.org;69 Browning Lane;Houston;TX;77250;713-767-0592
740;Chilton Emnoney;cemnoneykj@yellowpages.com;88 Tomscot Plaza;Memphis;TN;38119;615-391-3307
741;Elita Sibille;esibillekk@photobucket.com;1 Meadow Valley Junction;Saint Petersburg;FL;33705;727-163-6118
742;Carmel Mackin;cmackinkl@epa.gov;2 Northview Parkway;El Paso;TX;79923;915-673-9961
743;Nike Collis;ncolliskm@uiuc.edu;662 Sage Lane;Indianapolis;IN;46231;317-968-9165
744;Delilah Sissons;dsissonskn@usgs.gov;6644 Eastlawn Street;Syracuse;NY;13210;315-349-7574
745;Stacey Branch;sbranchko@miibeian.gov.cn;9230 Kings Pass;Dayton;OH;45419;513-215-2091
746;Rinaldo De La Salle;rdekp@jiathis.com;52771 Melby Alley;Austin;TX;78726;512-512-9876
747;Jemmie O'Neill;joneillkq@wikipedia.org;110 Nancy Point;Paterson;NJ;07505;862-391-1792
748;Joice Swires;jswireskr@seesaa.net;9848 Hauk Trail;Huntsville;AL;35810;256-110-3353
749;Drugi Folbigg;dfolbiggks@mail.ru;23 Arapahoe Drive;Toledo;OH;43699;419-794-4634
750;Ariadne Cowherd;acowherdkt@java.com;06 Old Shore Avenue;Richmond;VA;23293;804-761-3248
751;Delila McMearty;dmcmeartyku@blogger.com;4250 Ridge Oak Pass;San Antonio;TX;78278;210-865-0044
752;Jameson Waddup;jwaddupkv@barnesandnoble.com;4 Bartillon Terrace;Spokane;WA;99205;509-716-4226
753;Guillema Demogeot;gdemogeotkw@joomla.org;0 Sachs Drive;Cleveland;OH;44125;216-516-6030
754;Jamil Orto;jortokx@fotki.com;9 Golden Leaf Parkway;Kansas City;MO;64130;816-669-2216
755;Mildrid Gentsch;mgentschky@un.org;36284 Moose Terrace;San Diego;CA;92186;619-218-8606
756;Ashley Cardiff;acardiffkz@theglobeandmail.com;63 Village Green Terrace;Houston;TX;77218;713-984-1306
757;Layla Venus;lvenusl0@shareasale.com;077 Shopko Court;Washington;DC;20299;202-578-9323
758;Brandie Droghan;bdroghanl1@bizjournals.com;69215 Myrtle Terrace;Anaheim;CA;92805;310-382-2414
759;Adey Touson;atousonl2@xrea.com;11 Daystar Road;Nashville;TN;37205;615-263-0249
760;Dean Jobb;djobbl3@hubpages.com;17 Sachs Pass;Washington;DC;20046;202-778-9529
761;Moss Yeudall;myeudalll4@biglobe.ne.jp;59386 Lakewood Street;Louisville;KY;40205;502-169-6407
762;Antony Emberson;aembersonl5@woothemes.com;84 Becker Trail;Troy;MI;48098;248-502-1707
763;Celene Kix;ckixl6@mysql.com;0008 Kings Plaza;Newport News;VA;23612;757-128-0042
764;Ronalda Keynd;rkeyndl7@irs.gov;96 Rutledge Way;Atlanta;GA;30336;404-408-6952
765;Adore Polland;apollandl8@simplemachines.org;17245 Kings Lane;El Paso;TX;79989;915-825-2625
766;Nikki Carnew;ncarnewl9@shutterfly.com;34 Reinke Parkway;Durham;NC;27705;434-838-4890
767;Glenine Quarmby;gquarmbyla@discovery.com;21628 Nelson Road;Baton Rouge;LA;70894;225-963-5217
768;Herb Gostage;hgostagelb@webs.com;92692 Moland Lane;Waco;TX;76711;254-270-5062
769;Brianne Wathan;bwathanlc@unblog.fr;84 Ramsey Alley;Roanoke;VA;24048;540-144-4462
770;Daron Saller;dsallerld@umich.edu;9270 Hanover Pass;Salt Lake City;UT;84110;801-762-4443
771;Elnar Lassells;elassellsle@vk.com;555 Bultman Parkway;Baltimore;MD;21239;410-458-9569
772;Allan Pagnin;apagninlf@sciencedaily.com;89 Green Pass;Annapolis;MD;21405;301-824-0634
773;Arleen MacAne;amacanelg@imdb.com;51967 Anniversary Trail;Los Angeles;CA;90005;323-368-8972
774;Sisely Benallack;sbenallacklh@mapquest.com;8 Coleman Park;Omaha;NE;68124;402-451-8547
775;Sigmund Van Dalen;svanli@delicious.com;64619 Hoffman Place;Lubbock;TX;79405;806-156-2210
776;Zena Duval;zduvallj@usnews.com;69548 Almo Way;Cincinnati;OH;45296;513-395-5221
777;Ezri Gaddesby;egaddesbylk@washington.edu;60 Glacier Hill Alley;Prescott;AZ;86305;928-943-5086
778;Cleve Springtorpe;cspringtorpell@indiatimes.com;7 Express Point;Huntsville;TX;77343;936-389-8106
779;Shepperd Greste;sgrestelm@vinaora.com;24339 Daystar Circle;Los Angeles;CA;90071;310-208-1533
780;Reggy Arsey;rarseyln@twitpic.com;3 Lakewood Park;Buffalo;NY;14205;716-671-8519
781;Greg Faro;gfarolo@com.com;075 Autumn Leaf Alley;Jacksonville;FL;32244;904-203-1022
782;Keefe Dwerryhouse;kdwerryhouselp@gnu.org;522 Veith Pass;Saint Louis;MO;63158;314-227-4328
783;Arabele Fensome;afensomelq@google.fr;8 Kennedy Road;North Little Rock;AR;72199;501-253-0032
784;Rasia Claige;rclaigelr@sciencedirect.com;4364 Melby Hill;Fort Lauderdale;FL;33320;754-328-5753
785;Diane-marie Birts;dbirtsls@blinklist.com;77 Bartelt Center;Montgomery;AL;36195;334-240-7743
786;Griselda Assante;gassantelt@abc.net.au;7 Brickson Park Circle;Miami;FL;33142;954-574-7749
787;Wallis Tomaini;wtomainilu@google.es;47 Annamark Avenue;Chandler;AZ;85246;602-494-8533
788;Luke Hamblen;lhamblenlv@wikispaces.com;342 Dovetail Drive;Huntsville;AL;35810;256-981-5050
789;Brett Arp;barplw@telegraph.co.uk;6 Hanover Junction;Pompano Beach;FL;33064;561-479-1293
790;Yvor Lorentz;ylorentzlx@webs.com;75947 Valley Edge Road;Irvine;CA;92710;714-172-0321
791;Caria Meynell;cmeynellly@cmu.edu;026 Village Green Lane;Wichita;KS;67210;316-338-6542
792;Babara Anney;banneylz@bbc.co.uk;25 Karstens Avenue;Houston;TX;77060;713-316-3440
793;Kilian Harrema;kharremam0@sbwire.com;42889 Eliot Alley;Little Rock;AR;72231;501-544-6730
794;Audie Mildner;amildnerm1@fda.gov;90176 Donald Center;Fresno;CA;93778;559-513-9015
795;Leandra Halewood;lhalewoodm2@ehow.com;5 Gerald Circle;Los Angeles;CA;90081;213-662-1544
796;Dorothee Brice;dbricem3@blogspot.com;77912 Bellgrove Lane;Kansas City;MO;64109;816-787-3258
797;Zane Ibbotson;zibbotsonm4@webmd.com;0 Rieder Center;Detroit;MI;48211;734-619-0909
798;Brockie Andrin;bandrinm5@census.gov;53695 Saint Paul Trail;Las Vegas;NV;89135;702-811-0213
799;Elinore Pummery;epummerym6@webnode.com;9670 Algoma Crossing;San Diego;CA;92153;619-158-9887
800;Bert Poytress;bpoytressm7@ustream.tv;3118 Londonderry Park;Philadelphia;PA;19120;610-572-3086
801;Viva De la Harpe;vdem8@fotki.com;5474 Ruskin Plaza;Levittown;PA;19058;267-117-5196
802;Deirdre Drewson;ddrewsonm9@loc.gov;56 8th Way;New Orleans;LA;70142;504-651-4186
803;Barbi Stode;bstodema@angelfire.com;0457 Graceland Way;Oakland;CA;94622;510-237-0751
804;Susy Chapling;schaplingmb@slideshare.net;693 Springs Plaza;Oakland;CA;94622;510-877-2653
805;Portia Burrell;pburrellmc@engadget.com;7212 Corscot Pass;Round Rock;TX;78682;512-833-9460
806;Lem Kanzler;lkanzlermd@ebay.com;65 Lillian Crossing;Phoenix;AZ;85045;602-108-7106
807;Delora Mundall;dmundallme@forbes.com;02644 Dakota Terrace;El Paso;TX;79955;915-548-4202
808;Zack Odo;zodomf@feedburner.com;5987 Stone Corner Hill;New York City;NY;10045;347-802-9627
809;Humberto Fishpool;hfishpoolmg@godaddy.com;9 Hoepker Center;El Paso;TX;79950;915-967-5756
810;May Willgoose;mwillgoosemh@kickstarter.com;3 Corry Crossing;Waterbury;CT;06705;203-629-3489
811;Harbert Walch;hwalchmi@dailymotion.com;8 Hudson Drive;Fort Lauderdale;FL;33305;954-152-6497
812;Aubert D'Avaux;adavauxmj@foxnews.com;21 Darwin Way;Atlanta;GA;30311;678-450-5214
813;Arliene Esmond;aesmondmk@state.tx.us;9 Hoffman Hill;New York City;NY;10270;347-903-9235
814;Ephraim Bealing;ebealingml@unicef.org;78388 Mcbride Circle;Madison;WI;53785;608-877-0029
815;Alan Cicullo;acicullomm@spotify.com;8 Almo Point;Peoria;IL;61629;309-964-1467
816;Lishe Gainsburgh;lgainsburghmn@msu.edu;6379 Swallow Circle;Albuquerque;NM;87105;505-762-7383
817;Rik Thirtle;rthirtlemo@is.gd;04750 Maple Wood Drive;Miami;FL;33153;786-916-2695
818;Gelya Haliburton;ghaliburtonmp@hp.com;8601 Spohn Way;Wilmington;DE;19805;302-525-8096
819;Linnell Andrivot;landrivotmq@zdnet.com;19686 Mitchell Terrace;Lafayette;LA;70505;337-783-7788
820;Geraldine Botger;gbotgermr@archive.org;4 Bartillon Parkway;Houston;TX;77223;713-240-2075
821;Atalanta Nel;anelms@weebly.com;8616 Dottie Center;Buffalo;NY;14233;716-910-0444
822;Kev Leyshon;kleyshonmt@bluehost.com;47279 5th Center;Indianapolis;IN;46295;317-298-9661
823;Matias Liddell;mliddellmu@taobao.com;2 Homewood Road;Orlando;FL;32859;407-201-5607
824;Athene Rennles;arennlesmv@miitbeian.gov.cn;76451 Kingsford Parkway;Dallas;TX;75353;214-327-9766
825;Yetta McNee;ymcneemw@desdev.cn;16208 Clemons Pass;Tampa;FL;33615;813-139-2233
826;Clayborn Hellen;chellenmx@github.com;18932 Forest Dale Way;Indianapolis;IN;46207;317-150-4924
827;Jameson McKeating;jmckeatingmy@deliciousdays.com;39 Sloan Trail;Houston;TX;77276;713-747-9232
828;Brynne Poag;bpoagmz@netscape.com;9 Graceland Park;Roanoke;VA;24029;540-588-9511
829;Elissa Edds;eeddsn0@booking.com;6165 Summer Ridge Trail;Amarillo;TX;79171;806-489-7042
830;Carilyn Antoniottii;cantoniottiin1@google.pl;62879 Colorado Circle;Des Moines;IA;50320;515-909-2363
831;Jacquelynn Sansome;jsansomen2@canalblog.com;87378 Graedel Center;Daytona Beach;FL;32128;386-623-3731
832;Hermie De La Haye;hden3@jigsy.com;84 Nancy Crossing;Philadelphia;PA;19178;215-761-2883
833;Ellie Chillingworth;echillingworthn4@drupal.org;8424 Dapin Crossing;Orlando;FL;32868;407-487-7374
834;Vivianna Rusbridge;vrusbridgen5@irs.gov;2153 Becker Street;Syracuse;NY;13224;315-477-8013
835;Ambrose Shawdforth;ashawdforthn6@rediff.com;0 Bellgrove Pass;Memphis;TN;38150;901-252-0981
836;Renault Bowerbank;rbowerbankn7@odnoklassniki.ru;2 Sullivan Place;Orlando;FL;32825;954-743-0237
837;Joella Nurdin;jnurdinn8@gravatar.com;89661 Loftsgordon Lane;Carson City;NV;89714;775-964-3499
838;Maegan Sprowson;msprowsonn9@wix.com;09 Manufacturers Center;Sacramento;CA;94280;916-553-6464
839;Seth Shellshear;sshellshearna@tumblr.com;56 Johnson Crossing;Sacramento;CA;94257;916-946-2123
840;Huntlee Niche;hnichenb@npr.org;4340 Westport Drive;Amarillo;TX;79165;806-456-1563
841;Ina Sterricks;isterricksnc@livejournal.com;0390 Holmberg Plaza;Los Angeles;CA;90055;213-166-9534
842;Susanetta Martinovsky;smartinovskynd@nature.com;66 Armistice Trail;Baton Rouge;LA;70826;225-634-4396
843;Chrystel Lown;clownne@paypal.com;9 Crownhardt Center;Atlanta;GA;30301;678-304-4131
844;Barry Whild;bwhildnf@msu.edu;05 Daystar Street;Las Vegas;NV;89140;702-723-7780
845;Randall Duddell;rduddellng@merriam-webster.com;7835 Roth Court;Greensboro;NC;27455;910-725-3383
846;Belia Orrice;borricenh@intel.com;8910 Lunder Junction;West Palm Beach;FL;33421;561-967-5135
847;Helge Birley;hbirleyni@delicious.com;5433 1st Terrace;Mount Vernon;NY;10557;914-517-5652
848;Gilberta Dumingo;gdumingonj@soup.io;3 Moose Circle;Spring Hill;FL;34611;352-920-9856
849;Whitman Afield;wafieldnk@wisc.edu;8805 Lakewood Gardens Terrace;Shreveport;LA;71105;318-765-8004
850;Celka Suttaby;csuttabynl@jalbum.net;30 Stoughton Drive;Miami;FL;33147;305-149-3424
851;Zach Bauduccio;zbauduccionm@pbs.org;446 Badeau Alley;Toledo;OH;43610;419-310-8003
852;Daisy Grinishin;dgrinishinnn@topsy.com;93 Hayes Junction;Denver;CO;80255;720-810-5688
853;Nevin Dondon;ndondonno@delicious.com;95211 Butternut Drive;Suffolk;VA;23436;757-332-1063
854;Mallory Hansmann;mhansmannnp@fda.gov;48292 Hansons Pass;Pasadena;CA;91186;626-908-0899
855;Cody Belly;cbellynq@1und1.de;8 Wayridge Street;Phoenix;AZ;85083;602-377-8975
856;Kermit McAllister;kmcallisternr@xrea.com;0 Thierer Point;Wilmington;DE;19810;302-154-4876
857;Marsha Rizzolo;mrizzolons@oaic.gov.au;3 Grim Place;South Bend;IN;46634;574-855-0605
858;Eli Kitchenside;ekitchensident@hhs.gov;36457 Loomis Center;Tallahassee;FL;32304;850-638-3488
859;Dredi Bevan;dbevannu@sourceforge.net;874 Luster Crossing;Chicago;IL;60641;773-925-5888
860;Monro Duddridge;mduddridgenv@intel.com;1 Tennyson Pass;Oklahoma City;OK;73197;405-593-9633
861;Damon Keast;dkeastnw@ow.ly;18474 Anniversary Court;Corona;CA;92883;626-642-7485
862;Stanislaus Kleinlerer;skleinlerernx@discuz.net;0527 Dwight Lane;Salt Lake City;UT;84152;801-351-0581
863;Georgie Cordner;gcordnerny@jigsy.com;5 Tennessee Hill;Maple Plain;MN;55572;763-405-1541
864;Jarrid Renzini;jrenzininz@nba.com;53444 Maryland Street;San Jose;CA;95150;408-435-0551
865;Kirbie Laxton;klaxtono0@g.co;8399 Colorado Parkway;Arlington;VA;22205;571-554-4886
866;Kaycee Le Borgne;kleo1@theguardian.com;48058 Morningstar Crossing;Madison;WI;53779;608-809-9780
867;Celesta Millhill;cmillhillo2@liveinternet.ru;7 Harper Way;San Diego;CA;92196;619-758-2843
868;Ichabod Persich;ipersicho3@youtu.be;60 Westend Circle;Jefferson City;MO;65105;573-427-1829
869;Jackson Warriner;jwarrinero4@ucsd.edu;265 Clarendon Junction;Charleston;WV;25313;304-924-6783
870;Joella Armour;jarmouro5@simplemachines.org;92 Northridge Center;Saint Louis;MO;63158;314-932-0669
871;Leif Alejandro;lalejandroo6@miibeian.gov.cn;00 Spenser Alley;Saint Paul;MN;55166;651-908-0687
872;Irwin McKane;imckaneo7@dailymotion.com;8637 Monica Pass;Boston;MA;02114;857-499-1261
873;Tyrus Confait;tconfaito8@g.co;1557 Karstens Way;Greeley;CO;80638;970-209-3360
874;Terri Overil;toverilo9@sohu.com;1 Reinke Park;Sacramento;CA;95833;916-628-2547
875;Roland Drake;rdrakeoa@joomla.org;81667 Sullivan Center;Richmond;VA;23277;804-200-2207
876;Shelton Brister;sbristerob@vk.com;444 3rd Street;Orlando;FL;32803;407-920-7792
877;Rayner Hencke;rhenckeoc@reddit.com;8257 Springview Way;Southfield;MI;48076;734-832-1407
878;Corly Angrock;cangrockod@webeden.co.uk;531 Independence Parkway;Berkeley;CA;94705;510-723-3587
879;Cami Buss;cbussoe@example.com;4566 Red Cloud Drive;San Antonio;TX;78291;210-507-9506
880;Noell Greensides;ngreensidesof@who.int;6082 Hooker Circle;Albuquerque;NM;87195;505-552-1766
881;Katlin Crocket;kcrocketog@state.gov;0664 Ohio Alley;Green Bay;WI;54305;920-433-1016
882;Kerk Baish;kbaishoh@cafepress.com;38 Tennessee Alley;Arlington;VA;22244;571-632-2304
883;Antonina Drewett;adrewettoi@nationalgeographic.com;76 Jenifer Center;Miami Beach;FL;33141;305-124-7593
884;Kelvin Drivers;kdriversoj@nationalgeographic.com;7788 Harbort Court;Albany;NY;12237;518-281-1408
885;Carol-jean Linstead;clinsteadok@fastcompany.com;9 Jenna Road;Tulsa;OK;74133;918-819-0741
886;Simon Vasyuchov;svasyuchovol@netvibes.com;29 Holmberg Road;El Paso;TX;79984;915-653-3058
887;Porter Ossenna;possennaom@amazon.de;39588 Summer Ridge Pass;Charlottesville;VA;22908;434-562-9142
888;Idell Nevins;inevinson@mysql.com;03 Gerald Hill;San Diego;CA;92191;619-434-1790
889;Nissie Seery;nseeryoo@moonfruit.com;56182 Northridge Trail;Hamilton;OH;45020;937-237-6897
890;Hall Louedey;hlouedeyop@wisc.edu;79 Westridge Center;Houston;TX;77075;281-772-3034
891;Demetria Bembridge;dbembridgeoq@utexas.edu;0789 Fremont Drive;Pittsburgh;PA;15205;724-185-0828
892;Fabe Toffts;ftofftsor@discuz.net;0 Sachtjen Way;Arlington;TX;76004;817-922-7096
893;Florance Croke;fcrokeos@pinterest.com;1342 Warner Park;Houston;TX;77020;281-857-7255
894;Leslie Pires;lpiresot@jiathis.com;19 Sunnyside Drive;Cincinnati;OH;45271;513-573-5220
895;Theodor Pyson;tpysonou@elegantthemes.com;6492 Hansons Point;San Francisco;CA;94159;415-176-3577
896;Carter Ewebank;cewebankov@creativecommons.org;61014 Scott Hill;Bismarck;ND;58505;701-907-9675
897;Kin Stolting;kstoltingow@businessweek.com;08723 Truax Alley;Troy;MI;48098;248-816-3082
898;Florina Minthorpe;fminthorpeox@hibu.com;550 Londonderry Park;Albuquerque;NM;87105;505-544-5825
899;Dallon Meace;dmeaceoy@ca.gov;0147 Fieldstone Avenue;Amarillo;TX;79118;806-985-8955
900;Susy Sighard;ssighardoz@ovh.net;977 Clyde Gallagher Center;Greensboro;NC;27409;336-132-9711
901;Lilllie Rangle;lranglep0@bloglovin.com;74970 Sunnyside Street;Ann Arbor;MI;48107;734-723-7233
902;Bruce Lettington;blettingtonp1@odnoklassniki.ru;03391 Delladonna Avenue;Anchorage;AK;99517;907-788-1719
903;Mahalia Ludlamme;mludlammep2@amazon.co.uk;781 Bowman Point;Albuquerque;NM;87110;505-921-0146
904;Rhonda Denial;rdenialp3@house.gov;3 Cherokee Road;Albany;NY;12237;518-122-2164
905;Gilemette Sprankling;gspranklingp4@tuttocitta.it;785 Rigney Terrace;San Jose;CA;95118;408-577-2128
906;Gordan Odda;goddap5@de.vu;1 Heath Alley;Louisville;KY;40210;502-951-9266
907;Quintina Lilleycrop;qlilleycropp6@drupal.org;0737 Iowa Park;Lakewood;WA;98498;253-303-9202
908;Ruthie Gussie;rgussiep7@auda.org.au;1179 Pankratz Road;El Paso;TX;88514;915-718-3228
909;Jyoti Hasnip;jhasnipp8@bloglines.com;820 Spaight Plaza;Vienna;VA;22184;571-584-1162
910;Dani Trusse;dtrussep9@merriam-webster.com;9206 Brown Drive;Elizabeth;NJ;07208;908-957-5098
911;Lind Bradley;lbradleypa@fda.gov;952 Pierstorff Parkway;Lake Charles;LA;70616;337-242-3949
912;Gregorio Lewisham;glewishampb@fema.gov;69 Dawn Lane;Augusta;GA;30911;706-457-1825
913;Amory Rous;arouspc@biblegateway.com;81905 Marcy Crossing;San Jose;CA;95123;408-493-0177
914;Reine Filpi;rfilpipd@mapy.cz;0146 Doe Crossing Court;Young America;MN;55557;952-466-1477
915;Roobbie Semeradova;rsemeradovape@opera.com;7797 Duke Trail;Kansas City;MO;64125;816-263-8191
916;Nerita Haynesford;nhaynesfordpf@businesswire.com;0844 6th Way;Englewood;CO;80150;303-352-9104
917;Kelvin Ingleton;kingletonpg@cbslocal.com;3 Prentice Center;Van Nuys;CA;91499;213-585-6694
918;Bard Adess;badessph@auda.org.au;5424 Hoard Junction;Houston;TX;77090;281-646-6484
919;Bartlett Amar;bamarpi@amazonaws.com;0 Clemons Junction;West Palm Beach;FL;33416;561-134-5528
920;Anjanette Frusher;afrusherpj@imageshack.us;197 Johnson Crossing;New York City;NY;10170;212-408-4882
921;Tadeas Sydney;tsydneypk@geocities.com;70046 Lake View Plaza;Garland;TX;75049;214-266-1604
922;Basia Tills;btillspl@forbes.com;255 Sutteridge Lane;Oklahoma City;OK;73157;405-826-0155
923;Codi Hackley;chackleypm@tinypic.com;44233 Bonner Crossing;Philadelphia;PA;19131;215-493-2197
924;Morey Sloey;msloeypn@godaddy.com;730 Esch Avenue;Sacramento;CA;94245;916-216-0185
925;Charil Jedrzejewicz;cjedrzejewiczpo@canalblog.com;504 Kingsford Way;Madison;WI;53716;608-616-9951
926;Randolf Sheffield;rsheffieldpp@pcworld.com;587 Fisk Parkway;Macon;GA;31210;478-667-5645
927;Caria Fritzer;cfritzerpq@amazon.com;78934 Sommers Point;Dayton;OH;45419;513-536-3598
928;Adaline Brugman;abrugmanpr@mayoclinic.com;739 Fremont Alley;Fort Wayne;IN;46814;260-280-3767
929;Rosene Siggee;rsiggeeps@nature.com;38 Russell Pass;Concord;CA;94522;925-564-8466
930;Estrella Girod;egirodpt@cnbc.com;63 Waubesa Place;Port Washington;NY;11054;516-497-6886
931;Pamelina Saffill;psaffillpu@omniture.com;9455 Ridge Oak Avenue;San Antonio;TX;78278;210-508-9827
932;Chloette Wrinch;cwrinchpv@businessinsider.com;137 Buena Vista Circle;Van Nuys;CA;91411;626-168-5489
933;Torin Lamplough;tlamploughpw@163.com;6 Melody Lane;Boulder;CO;80305;720-645-5305
934;Martainn Monck;mmonckpx@bizjournals.com;13678 Spohn Avenue;Melbourne;FL;32941;321-707-0621
935;Mellie Luckhurst;mluckhurstpy@trellian.com;81 Nelson Drive;Kansas City;MO;64193;816-818-7929
936;Dory Martelet;dmarteletpz@bluehost.com;1 Farmco Drive;Van Nuys;CA;91499;213-454-7387
937;Vlad Orrin;vorrinq0@123-reg.co.uk;108 Esker Alley;Boulder;CO;80328;303-305-7237
938;Shelby Simm;ssimmq1@netscape.com;92801 Novick Crossing;Canton;OH;44710;330-216-4729
939;Kelsey Havenhand;khavenhandq2@irs.gov;050 Namekagon Way;Englewood;CO;80150;303-801-8549
940;Audrye Merle;amerleq3@statcounter.com;936 Roth Court;Minneapolis;MN;55441;763-399-3524
941;Franklin Folbige;ffolbigeq4@google.ca;7 2nd Terrace;Boca Raton;FL;33487;561-616-5409
942;Wynny Pietesch;wpieteschq5@washington.edu;48008 Pankratz Road;Houston;TX;77085;281-100-7789
943;Casey Setford;csetfordq6@symantec.com;44 Bultman Terrace;Birmingham;AL;35236;205-500-4925
944;Sarita Lyon;slyonq7@dagondesign.com;07170 Tomscot Lane;Orange;CA;92862;714-121-5899
945;Curry Sudddard;csudddardq8@yellowpages.com;25168 Gateway Place;Fullerton;CA;92835;714-474-3258
946;Leeanne Tingle;ltingleq9@trellian.com;3 Lighthouse Bay Parkway;Salt Lake City;UT;84170;801-424-3903
947;Emlynn Gethings;egethingsqa@zdnet.com;75461 Union Street;Albany;NY;12227;518-719-0311
948;Donia Grewer;dgrewerqb@epa.gov;50121 Forest Park;Denver;CO;80223;720-319-0562
949;Fayina Pendry;fpendryqc@behance.net;64 High Crossing Trail;Houston;TX;77266;713-557-3931
950;Rudiger McKearnen;rmckearnenqd@networkadvertising.org;89261 Buhler Way;Jacksonville;FL;32259;904-510-8250
951;Renault Bleue;rbleueqe@live.com;91499 Miller Trail;Toledo;OH;43656;419-634-1650
952;Silvester Goldsack;sgoldsackqf@who.int;713 Delaware Crossing;Ventura;CA;93005;805-839-3318
953;Anne-corinne Olford;aolfordqg@geocities.com;24082 Gateway Point;Saint Petersburg;FL;33715;727-528-6877
954;Brett Castelow;bcastelowqh@pinterest.com;88535 Marcy Park;San Francisco;CA;94132;415-754-6215
955;Beale Pogosian;bpogosianqi@bigcartel.com;74 Monterey Plaza;Detroit;MI;48217;313-229-9682
956;Clayton Romaynes;cromaynesqj@uol.com.br;697 Anthes Trail;New Orleans;LA;70187;504-841-3333
957;Andrej Facer;afacerqk@typepad.com;42330 Almo Point;San Diego;CA;92170;619-631-1524
958;Kelci Ranscomb;kranscombql@wikimedia.org;49394 Jackson Alley;Baton Rouge;LA;70826;225-821-1570
959;Winnie Tatters;wtattersqm@clickbank.net;43 Karstens Street;Fort Lauderdale;FL;33355;754-688-5662
960;Kyle Leiden;kleidenqn@buzzfeed.com;31020 Corben Way;Fresno;CA;93726;209-918-3356
961;Gill Lacaze;glacazeqo@addthis.com;633 Karstens Point;Winston Salem;NC;27105;704-972-9097
962;Betteann Ulyet;bulyetqp@etsy.com;56211 Bayside Point;Richmond;VA;23203;804-819-3409
963;Jarrid Jewers;jjewersqq@webeden.co.uk;5681 Forster Crossing;Sacramento;CA;95852;916-715-2514
964;Baily Schrader;bschraderqr@w3.org;71 Fair Oaks Alley;Montgomery;AL;36104;334-123-6472
965;Pierson Botte;pbotteqs@blog.com;1934 Golf Course Hill;Oklahoma City;OK;73135;405-392-9464
966;Alphonso Rawcliff;arawcliffqt@alexa.com;65427 Parkside Court;New York City;NY;10160;212-814-5591
967;Cynthy Boreland;cborelandqu@symantec.com;75300 Tomscot Pass;Wichita;KS;67220;316-955-4242
968;Britte Sanz;bsanzqv@spiegel.de;7 Hayes Junction;Delray Beach;FL;33448;561-514-2456
969;Bella Squibbes;bsquibbesqw@blogtalkradio.com;819 Lindbergh Terrace;Garland;TX;75049;214-832-5319
970;Ezequiel Golds;egoldsqx@reference.com;9225 Norway Maple Pass;Syracuse;NY;13210;315-522-8890
971;Sydel McConaghy;smcconaghyqy@1und1.de;21505 Onsgard Way;Washington;DC;20238;202-520-4081
972;Jamil Cothey;jcotheyqz@chron.com;98 International Pass;Durham;NC;27717;919-297-6111
973;Boris Gookey;bgookeyr0@ucla.edu;949 Eliot Pass;Irvine;CA;92710;714-246-7970
974;Adey Taill;ataillr1@godaddy.com;57 Monument Road;Austin;TX;78778;512-961-6288
975;Sloane Berrigan;sberriganr2@bigcartel.com;0 Shopko Park;Pensacola;FL;32575;850-387-0585
976;Queenie Pardey;qpardeyr3@trellian.com;34 Beilfuss Place;Colorado Springs;CO;80945;719-150-5720
977;Henrie Candlish;hcandlishr4@spiegel.de;10315 Michigan Alley;Gainesville;FL;32605;352-741-1613
978;Gram Rate;grater5@cmu.edu;72 3rd Court;Syracuse;NY;13251;315-204-5323
979;Joyann Malinowski;jmalinowskir6@dagondesign.com;57103 Green Ridge Terrace;Abilene;TX;79605;325-880-2213
980;Xenos Studdeard;xstuddeardr7@imdb.com;023 Fulton Crossing;Dallas;TX;75358;214-525-2342
981;Charlie Hardiker;chardikerr8@sphinn.com;7 Ronald Regan Center;Philadelphia;PA;19191;215-489-5668
982;Dolores Naldrett;dnaldrettr9@symantec.com;1 Esch Drive;Panama City;FL;32405;850-585-8673
983;Ondrea Martygin;omartyginra@amazonaws.com;63277 Shoshone Way;Washington;DC;20414;202-686-7520
984;Teador Spick;tspickrb@behance.net;54742 Northridge Pass;Santa Monica;CA;90410;310-704-7813
985;Othello Runge;orungerc@wikipedia.org;3212 Nevada Street;Fresno;CA;93786;559-732-6166
986;Nan Kliemchen;nkliemchenrd@ucla.edu;84130 Jay Park;Albuquerque;NM;87105;505-998-9478
987;Arline Frawley;afrawleyre@google.ca;406 Marcy Terrace;Fort Worth;TX;76198;682-978-5551
988;Raf Pideon;rpideonrf@wisc.edu;720 Village Green Way;El Paso;TX;79911;915-609-1017
989;Samara Lanbertoni;slanbertonirg@google.fr;135 Crownhardt Parkway;Zephyrhills;FL;33543;813-771-5826
990;Kev Sondon;ksondonrh@gizmodo.com;0 Briar Crest Alley;Oakland;CA;94611;415-744-0845
991;Helenelizabeth Doucette;hdoucetteri@wunderground.com;8 Northwestern Terrace;Savannah;GA;31416;912-524-9026
992;Levey Southard;lsouthardrj@mozilla.org;513 Lakewood Drive;Savannah;GA;31416;912-520-1823
993;Isabelle Earngy;iearngyrk@scientificamerican.com;9798 4th Circle;Buffalo;NY;14263;716-324-1693
994;Boycie Drawmer;bdrawmerrl@guardian.co.uk;076 Carioca Hill;Seattle;WA;98115;425-483-9543
995;Rhona Shewen;rshewenrm@va.gov;28 Oriole Junction;Madison;WI;53710;608-521-1527
996;Tanner Wrintmore;twrintmorern@goo.gl;26715 Sloan Center;El Paso;TX;88519;915-910-9121
997;Shelly McMarquis;smcmarquisro@ow.ly;38174 Melrose Alley;Fort Worth;TX;76192;682-934-6529
998;Linnet Stango;lstangorp@fda.gov;8 Summit Place;Metairie;LA;70005;504-180-7633
999;Saree Caldes;scaldesrq@blogs.com;52 Dennis Plaza;New Orleans;LA;70129;504-219-5575
1000;Mikkel Jeens;mjeensrr@google.co.jp;367 Farwell Street;Washington;DC;20220;202-986-6919
